audio_clipping:confidence,background_noise_audible:confidence,overall_quality_of_the_audio,quiet_speaker:confidence,speaker_id,file_download,file_name,phrase,prompt,writer_id,audio_clipping_no_clipping,background_noise_audible_no_noise,quiet_speaker_quiet_speaker,merged_prompt
1.0,0.6854,3.33,1.0,44415714,https://ml.sandbox.cf3.us/cgi-bin/index.cgi?download=1249120_44415714_12774994.wav&key=test_key_TISTK,1249120_44415714_12774994.wav,i read a book for along time and when i finished reading i feel head ache,Head ache,43949040,1,0,0,Headache
1.0,0.6552,3.67,1.0,44323331,https://ml.sandbox.cf3.us/cgi-bin/index.cgi?download=1249120_44323331_89529293.wav&key=test_key_TISTK,1249120_44323331_89529293.wav,my hair is falling out in huge amount,Hair falling out,44118742,1,0,0,Hair and skin issues
0.6667,0.6667,3.0,0.6667,44263136,https://ml.sandbox.cf3.us/cgi-bin/index.cgi?download=1249120_44263136_64809479.wav&key=test_key_TISTK,1249120_44263136_64809479.wav,my foot is hurting so much,Foot ache,34987462,0,0,0,Leg and foot pain
1.0,1.0,3.0,1.0,44259428,https://ml.sandbox.cf3.us/cgi-bin/index.cgi?download=1249120_44259428_83019694.wav&key=test_key_TISTK,1249120_44259428_83019694.wav,i feel pain in the lower back,Back pain,44340112,1,0,0,"Neck, back or spinal issues"
1.0,0.6403,3.0,1.0,44259428,https://ml.sandbox.cf3.us/cgi-bin/index.cgi?download=1249120_44259428_45992221.wav&key=test_key_TISTK,1249120_44259428_45992221.wav,i feel pain in my stomach,Stomach ache,44266645,1,0,0,Digestive issues
0.6867,0.3533,3.0,0.6867,44273314,https://ml.sandbox.cf3.us/cgi-bin/index.cgi?download=1249120_44273314_28827187.wav&key=test_key_TISTK,1249120_44273314_28827187.wav,my child has cough all night she cant sleep,Cough,44063565,1,0,0,Respiratory issue
1.0,0.6549,3.0,1.0,44294866,https://ml.sandbox.cf3.us/cgi-bin/index.cgi?download=1249120_44294866_20041027.wav&key=test_key_TISTK,1249120_44294866_20041027.wav,im disappointed,Emotional pain,44266645,1,0,0,Emotional and mental health
1.0,0.6916,3.33,1.0,44294866,https://ml.sandbox.cf3.us/cgi-bin/index.cgi?download=1249120_44294866_98831261.wav&key=test_key_TISTK,1249120_44294866_98831261.wav,i feel dizzy when i set infront of my laptop for an hour or two what possibly could be the reason,Feeling dizzy,40632132,1,0,0,Dizziness and vertigo
1.0,1.0,3.0,1.0,44263136,https://ml.sandbox.cf3.us/cgi-bin/index.cgi?download=1249120_44263136_42546148.wav&key=test_key_TISTK,1249120_44263136_42546148.wav,i feel pain inside and i can not identify it,Internal pain,41918114,0,0,0,Internal pain
0.6553,0.6818,3.0,1.0,44323331,https://ml.sandbox.cf3.us/cgi-bin/index.cgi?download=1249120_44323331_89173398.wav&key=test_key_TISTK,1249120_44323331_89173398.wav,i have an indigestion,Stomach ache,44340112,0,0,0,Digestive issues
0.6774,0.6616,3.67,1.0,44323331,https://ml.sandbox.cf3.us/cgi-bin/index.cgi?download=1249120_44323331_27898617.wav&key=test_key_TISTK,1249120_44323331_27898617.wav,i feel dizzy whenever i stand up,Feeling dizzy,44140394,0,1,0,Dizziness and vertigo
1.0,0.6501,3.0,1.0,44259428,https://ml.sandbox.cf3.us/cgi-bin/index.cgi?download=1249120_44259428_102515958.wav&key=test_key_TISTK,1249120_44259428_102515958.wav,when i was young i had an injury from sports in my knee,Injury from sports,38687371,1,0,0,Wound and injury
1.0,1.0,3.0,1.0,44259428,https://ml.sandbox.cf3.us/cgi-bin/index.cgi?download=1249120_44259428_108958575.wav&key=test_key_TISTK,1249120_44259428_108958575.wav,i m feeling cold though the temperature is high,Feeling cold,21665495,1,0,0,Feeling cold/hot
1.0,0.6558,3.0,0.6558,44259428,https://ml.sandbox.cf3.us/cgi-bin/index.cgi?download=1249120_44259428_17428469.wav&key=test_key_TISTK,1249120_44259428_17428469.wav,i feel pain in my knee when i climb the stairs,Joint pain,43949040,1,0,0,Muscle and joint pain
1.0,1.0,3.0,1.0,44259428,https://ml.sandbox.cf3.us/cgi-bin/index.cgi?download=1249120_44259428_19293556.wav&key=test_key_TISTK,1249120_44259428_19293556.wav,my biceps started aching after i went to the gym,Muscle pain,44164300,1,0,0,Muscle and joint pain
1.0,0.6636,3.0,1.0,44259428,https://ml.sandbox.cf3.us/cgi-bin/index.cgi?download=1249120_44259428_38940948.wav&key=test_key_TISTK,1249120_44259428_38940948.wav,i feel cold although we are in summer,Feeling cold,40632132,1,0,0,Feeling cold/hot
1.0,0.6785,3.0,1.0,44259428,https://ml.sandbox.cf3.us/cgi-bin/index.cgi?download=1249120_44259428_39681967.wav&key=test_key_TISTK,1249120_44259428_39681967.wav,chronic disease of hair follicles and sebaceous glands,Acne,44218005,1,0,0,Hair and skin issues
1.0,1.0,3.0,1.0,44259428,https://ml.sandbox.cf3.us/cgi-bin/index.cgi?download=1249120_44259428_46527054.wav&key=test_key_TISTK,1249120_44259428_46527054.wav,i have a split on my thumb that will not heal,Open wound,43755034,1,0,0,Wound and injury
1.0,1.0,3.0,1.0,44259428,https://ml.sandbox.cf3.us/cgi-bin/index.cgi?download=1249120_44259428_50914735.wav&key=test_key_TISTK,1249120_44259428_50914735.wav,i feel lightheaded when i stand up,Feeling dizzy,42082009,1,0,0,Dizziness and vertigo
1.0,0.6711,3.0,1.0,44259428,https://ml.sandbox.cf3.us/cgi-bin/index.cgi?download=1249120_44259428_53172278.wav&key=test_key_TISTK,1249120_44259428_53172278.wav,i have a blurry vision since i woke up this morning what could be the reason,Blurry vision,40632132,1,0,0,Sensory issues
1.0,1.0,3.0,1.0,44259428,https://ml.sandbox.cf3.us/cgi-bin/index.cgi?download=1249120_44259428_58867514.wav&key=test_key_TISTK,1249120_44259428_58867514.wav,i tried alot of cream but i still feel the same skin problem,Skin issue,44118742,1,0,0,Hair and skin issues
1.0,1.0,3.0,1.0,44259428,https://ml.sandbox.cf3.us/cgi-bin/index.cgi?download=1249120_44259428_59884279.wav&key=test_key_TISTK,1249120_44259428_59884279.wav,i have a blurry vision during my swimming training in the pool why,Blurry vision,40632132,1,0,0,Sensory issues
1.0,1.0,3.0,1.0,44259428,https://ml.sandbox.cf3.us/cgi-bin/index.cgi?download=1249120_44259428_71308387.wav&key=test_key_TISTK,1249120_44259428_71308387.wav,annoyance starts suddenly often after an injury or exercise,Knee pain,44096379,1,0,0,Leg and foot pain
1.0,1.0,3.0,1.0,44259428,https://ml.sandbox.cf3.us/cgi-bin/index.cgi?download=1249120_44259428_75102963.wav&key=test_key_TISTK,1249120_44259428_75102963.wav,i cut my hand a couple of days ago and although i didnt think i needed it stitches it hasnt closed up,Open wound,19638651,1,0,0,Wound and injury
0.6727,1.0,3.0,1.0,44259428,https://ml.sandbox.cf3.us/cgi-bin/index.cgi?download=1249120_44259428_77483299.wav&key=test_key_TISTK,1249120_44259428_77483299.wav,i have a foot ache in winter or when it feels cold why,Foot ache,40632132,1,0,0,Leg and foot pain
1.0,0.6733,3.0,1.0,44259428,https://ml.sandbox.cf3.us/cgi-bin/index.cgi?download=1249120_44259428_82428785.wav&key=test_key_TISTK,1249120_44259428_82428785.wav,glass broken and wound my leg badly the wound is so wide,Open wound,44088126,1,0,0,Wound and injury
1.0,1.0,3.0,1.0,44263136,https://ml.sandbox.cf3.us/cgi-bin/index.cgi?download=1249120_44263136_107507771.wav&key=test_key_TISTK,1249120_44263136_107507771.wav,my son had a root canal and the dentist accidentally cut the inside of his cheek and now it will not heal,Infected wound,43755034,1,0,0,Wound and injury
1.0,1.0,3.0,1.0,44263136,https://ml.sandbox.cf3.us/cgi-bin/index.cgi?download=1249120_44263136_13332887.wav&key=test_key_TISTK,1249120_44263136_13332887.wav,my knee catches and hurts when i first stand up after sitting,Knee pain,43755034,1,0,0,Leg and foot pain
1.0,1.0,3.0,1.0,44263136,https://ml.sandbox.cf3.us/cgi-bin/index.cgi?download=1249120_44263136_27728779.wav&key=test_key_TISTK,1249120_44263136_27728779.wav,i have a hard pain in my stomach,Stomach ache,44124309,1,0,0,Digestive issues
1.0,1.0,3.0,1.0,44263136,https://ml.sandbox.cf3.us/cgi-bin/index.cgi?download=1249120_44263136_34906231.wav&key=test_key_TISTK,1249120_44263136_34906231.wav,i have severe dry cough,Cough,43793610,1,0,0,Respiratory issue
1.0,1.0,3.0,1.0,44263136,https://ml.sandbox.cf3.us/cgi-bin/index.cgi?download=1249120_44263136_47696189.wav&key=test_key_TISTK,1249120_44263136_47696189.wav,the worst headache was during a hangover in my twenties i sincerely thought i was going to die from brain inflammation,Head ache,44130352,1,0,0,Headache
1.0,1.0,3.0,1.0,44263136,https://ml.sandbox.cf3.us/cgi-bin/index.cgi?download=1249120_44263136_83669979.wav&key=test_key_TISTK,1249120_44263136_83669979.wav,i hardly have enough stength to get up,Body feels weak,34987462,1,0,0,General weakness
0.68,1.0,3.0,1.0,44263136,https://ml.sandbox.cf3.us/cgi-bin/index.cgi?download=1249120_44263136_87409253.wav&key=test_key_TISTK,1249120_44263136_87409253.wav,sterilizer for the eye,Blurry vision,43555186,1,0,0,Sensory issues
1.0,1.0,3.0,1.0,44263136,https://ml.sandbox.cf3.us/cgi-bin/index.cgi?download=1249120_44263136_94477614.wav&key=test_key_TISTK,1249120_44263136_94477614.wav,my shoulder aches when i try to lift five pounds,Shoulder pain,38202325,1,0,0,Shoulder pain
1.0,1.0,3.0,1.0,44273314,https://ml.sandbox.cf3.us/cgi-bin/index.cgi?download=1249120_44273314_93618448.wav&key=test_key_TISTK,1249120_44273314_93618448.wav,i have a hard pain in my stomach,Stomach ache,44124309,1,0,0,Digestive issues
1.0,1.0,3.0,1.0,44294866,https://ml.sandbox.cf3.us/cgi-bin/index.cgi?download=1249120_44294866_102078306.wav&key=test_key_TISTK,1249120_44294866_102078306.wav,i have shooting pain in my kneecap after working out,Knee pain,43755034,1,0,0,Leg and foot pain
1.0,1.0,3.0,1.0,44294866,https://ml.sandbox.cf3.us/cgi-bin/index.cgi?download=1249120_44294866_103485284.wav&key=test_key_TISTK,1249120_44294866_103485284.wav,my daughter had her eyebrows threaded and it pulled an opening of skin in one of her brows that is now puffy and oozing,Infected wound,43755034,1,0,0,Wound and injury
1.0,1.0,3.0,1.0,44294866,https://ml.sandbox.cf3.us/cgi-bin/index.cgi?download=1249120_44294866_15891095.wav&key=test_key_TISTK,1249120_44294866_15891095.wav,i have shoulder pain when i try to carry my groceries,Shoulder pain,38202325,1,0,0,Shoulder pain
1.0,1.0,3.0,1.0,44294866,https://ml.sandbox.cf3.us/cgi-bin/index.cgi?download=1249120_44294866_23003547.wav&key=test_key_TISTK,1249120_44294866_23003547.wav,i feel weak all over,Body feels weak,44140394,1,0,0,General weakness
1.0,1.0,3.0,1.0,44294866,https://ml.sandbox.cf3.us/cgi-bin/index.cgi?download=1249120_44294866_30296550.wav&key=test_key_TISTK,1249120_44294866_30296550.wav,the crushing sensation on my heart leaves me breathless,Heart hurts,44130352,1,0,0,Chest pain
1.0,1.0,3.0,1.0,44294866,https://ml.sandbox.cf3.us/cgi-bin/index.cgi?download=1249120_44294866_53414183.wav&key=test_key_TISTK,1249120_44294866_53414183.wav,im not good im feeling so cold,Feeling cold,44045955,1,0,0,Feeling cold/hot
1.0,1.0,3.0,1.0,44294866,https://ml.sandbox.cf3.us/cgi-bin/index.cgi?download=1249120_44294866_72495478.wav&key=test_key_TISTK,1249120_44294866_72495478.wav,my head hurts when im doing this,Head ache,44292353,1,0,0,Headache
1.0,1.0,3.0,1.0,44294866,https://ml.sandbox.cf3.us/cgi-bin/index.cgi?download=1249120_44294866_73599319.wav&key=test_key_TISTK,1249120_44294866_73599319.wav,when i force my eyes to view i have blurry vision,Blurry vision,38687371,1,0,0,Sensory issues
1.0,1.0,3.0,1.0,44294866,https://ml.sandbox.cf3.us/cgi-bin/index.cgi?download=1249120_44294866_90929031.wav&key=test_key_TISTK,1249120_44294866_90929031.wav,it is like i have a needle pushing through my heart,Heart hurts,44130352,1,0,0,Chest pain
1.0,1.0,3.0,1.0,44294866,https://ml.sandbox.cf3.us/cgi-bin/index.cgi?download=1249120_44294866_96337692.wav&key=test_key_TISTK,1249120_44294866_96337692.wav,when i bend over i get a shooting pain down my back,Back pain,42082009,1,0,0,"Neck, back or spinal issues"
0.6776,0.6776,3.0,1.0,44323331,https://ml.sandbox.cf3.us/cgi-bin/index.cgi?download=1249120_44323331_16235297.wav&key=test_key_TISTK,1249120_44323331_16235297.wav,when i play football i have joint pain,Joint pain,38687371,1,0,0,Muscle and joint pain
1.0,1.0,3.0,1.0,44323331,https://ml.sandbox.cf3.us/cgi-bin/index.cgi?download=1249120_44323331_17693815.wav&key=test_key_TISTK,1249120_44323331_17693815.wav,i cant breath because of  cough,Cough,44124309,1,0,0,Respiratory issue
0.6601,0.6601,3.0,1.0,44323331,https://ml.sandbox.cf3.us/cgi-bin/index.cgi?download=1249120_44323331_24602215.wav&key=test_key_TISTK,1249120_44323331_24602215.wav,there is pain in my joints i can not bear pain,Joint pain,43730599,1,0,0,Muscle and joint pain
1.0,0.642,3.0,0.6967,44323331,https://ml.sandbox.cf3.us/cgi-bin/index.cgi?download=1249120_44323331_25847807.wav&key=test_key_TISTK,1249120_44323331_25847807.wav,my right shoulder clicks when i move my arm,Shoulder pain,44140394,1,0,0,Shoulder pain
1.0,1.0,3.0,0.6773,44323331,https://ml.sandbox.cf3.us/cgi-bin/index.cgi?download=1249120_44323331_42291661.wav&key=test_key_TISTK,1249120_44323331_42291661.wav,i have a strong shoulder pain,Shoulder pain,43838565,1,0,0,Shoulder pain
1.0,0.6667,3.0,1.0,44323331,https://ml.sandbox.cf3.us/cgi-bin/index.cgi?download=1249120_44323331_53313006.wav&key=test_key_TISTK,1249120_44323331_53313006.wav,i broke my ankle while doing rock climbing in the carpathians,Injury from sports,44130352,1,0,0,Wound and injury
1.0,0.6713,3.0,1.0,44323331,https://ml.sandbox.cf3.us/cgi-bin/index.cgi?download=1249120_44323331_61837950.wav&key=test_key_TISTK,1249120_44323331_61837950.wav,ive been feeling very sad lately,Emotional pain,42082009,1,0,0,Emotional and mental health
1.0,0.6597,3.0,0.6389,44323331,https://ml.sandbox.cf3.us/cgi-bin/index.cgi?download=1249120_44323331_63502960.wav&key=test_key_TISTK,1249120_44323331_63502960.wav,feels like there are pins and needles sticking in my joints,Joint pain,44164300,1,0,0,Muscle and joint pain
0.7007,0.6463,3.0,0.7007,44323331,https://ml.sandbox.cf3.us/cgi-bin/index.cgi?download=1249120_44323331_81893062.wav&key=test_key_TISTK,1249120_44323331_81893062.wav,i feel pain in my ears with tinnitus,Ear ache,41918114,1,0,0,Sensory issues
1.0,1.0,3.0,1.0,44323331,https://ml.sandbox.cf3.us/cgi-bin/index.cgi?download=1249120_44323331_95219530.wav&key=test_key_TISTK,1249120_44323331_95219530.wav,i feel pain in my knee,Knee pain,43751808,1,0,0,Leg and foot pain
1.0,0.6528,3.0,1.0,44323331,https://ml.sandbox.cf3.us/cgi-bin/index.cgi?download=1249120_44323331_95484507.wav&key=test_key_TISTK,1249120_44323331_95484507.wav,my son has a lot of acne,Acne,44246595,1,0,0,Hair and skin issues
1.0,0.6662,3.0,1.0,44323331,https://ml.sandbox.cf3.us/cgi-bin/index.cgi?download=1249120_44323331_95561004.wav&key=test_key_TISTK,1249120_44323331_95561004.wav,when i go to sleep i am feeling cold,Feeling cold,21665495,1,0,0,Feeling cold/hot
0.6531,1.0,3.0,1.0,44442354,https://ml.sandbox.cf3.us/cgi-bin/index.cgi?download=1249120_44442354_52494335.wav&key=test_key_TISTK,1249120_44442354_52494335.wav,i cant get a girlfriend because of my acne,Acne,44246595,1,0,0,Hair and skin issues
1.0,1.0,3.33,1.0,44259428,https://ml.sandbox.cf3.us/cgi-bin/index.cgi?download=1249120_44259428_100658896.wav&key=test_key_TISTK,1249120_44259428_100658896.wav,i have a dull ache in my head,Head ache,42082009,1,0,0,Headache
1.0,0.6667,3.33,1.0,44259428,https://ml.sandbox.cf3.us/cgi-bin/index.cgi?download=1249120_44259428_103086666.wav&key=test_key_TISTK,1249120_44259428_103086666.wav,i cant carry anything i have a pain in my shoulder,Shoulder pain,44045955,1,0,0,Shoulder pain
1.0,0.6601,3.33,1.0,44259428,https://ml.sandbox.cf3.us/cgi-bin/index.cgi?download=1249120_44259428_106881229.wav&key=test_key_TISTK,1249120_44259428_106881229.wav,i walk every day but now i get short of breath after going only a short way,Hard to breath,19638651,1,0,0,Respiratory issue
1.0,1.0,3.33,1.0,44259428,https://ml.sandbox.cf3.us/cgi-bin/index.cgi?download=1249120_44259428_107372342.wav&key=test_key_TISTK,1249120_44259428_107372342.wav,i feel head ache,Head ache,44266645,1,0,0,Headache
0.6652,1.0,3.33,1.0,44259428,https://ml.sandbox.cf3.us/cgi-bin/index.cgi?download=1249120_44259428_17570271.wav&key=test_key_TISTK,1249120_44259428_17570271.wav,i travelled by plane a few days ago and this time during landing my ears remained clogged and painful,Ear ache,44130352,1,0,0,Sensory issues
1.0,1.0,3.33,1.0,44259428,https://ml.sandbox.cf3.us/cgi-bin/index.cgi?download=1249120_44259428_26033114.wav&key=test_key_TISTK,1249120_44259428_26033114.wav,his infected wound was beginning to rot,Infected wound,44246595,1,0,0,Wound and injury
1.0,0.6507,3.33,1.0,44259428,https://ml.sandbox.cf3.us/cgi-bin/index.cgi?download=1249120_44259428_28102523.wav&key=test_key_TISTK,1249120_44259428_28102523.wav,i have an open wound in my arm,Open wound,21665495,1,0,0,Wound and injury
1.0,1.0,3.33,1.0,44259428,https://ml.sandbox.cf3.us/cgi-bin/index.cgi?download=1249120_44259428_31222743.wav&key=test_key_TISTK,1249120_44259428_31222743.wav,my body feels weak and i tried to make it relax but it stills pain me,Body feels weak,43318517,1,0,0,General weakness
1.0,1.0,3.33,1.0,44259428,https://ml.sandbox.cf3.us/cgi-bin/index.cgi?download=1249120_44259428_34993210.wav&key=test_key_TISTK,1249120_44259428_34993210.wav,i feel very weak in my body,Body feels weak,43730599,1,0,0,General weakness
1.0,1.0,3.33,1.0,44259428,https://ml.sandbox.cf3.us/cgi-bin/index.cgi?download=1249120_44259428_45195927.wav&key=test_key_TISTK,1249120_44259428_45195927.wav,i have throbing in my shoulder,Shoulder pain,44164300,1,0,0,Shoulder pain
1.0,1.0,3.33,1.0,44259428,https://ml.sandbox.cf3.us/cgi-bin/index.cgi?download=1249120_44259428_49203869.wav&key=test_key_TISTK,1249120_44259428_49203869.wav,i feel depressed when i see my hair falling out,Hair falling out,44118742,1,0,0,Hair and skin issues
1.0,1.0,3.33,1.0,44259428,https://ml.sandbox.cf3.us/cgi-bin/index.cgi?download=1249120_44259428_51361064.wav&key=test_key_TISTK,1249120_44259428_51361064.wav,it is hard to breath when i am in the underground metro station why,Hard to breath,40632132,1,0,0,Respiratory issue
1.0,1.0,3.33,1.0,44259428,https://ml.sandbox.cf3.us/cgi-bin/index.cgi?download=1249120_44259428_54047497.wav&key=test_key_TISTK,1249120_44259428_54047497.wav,im having a hard time reading because the letters are all fuzzy,Blurry vision,42082009,1,0,0,Sensory issues
1.0,1.0,3.33,1.0,44259428,https://ml.sandbox.cf3.us/cgi-bin/index.cgi?download=1249120_44259428_54344716.wav&key=test_key_TISTK,1249120_44259428_54344716.wav,i feel a huge emotional pain after i broke up with my girlfriend,Emotional pain,40632132,1,0,0,Emotional and mental health
1.0,1.0,3.33,1.0,44259428,https://ml.sandbox.cf3.us/cgi-bin/index.cgi?download=1249120_44259428_61618701.wav&key=test_key_TISTK,1249120_44259428_61618701.wav,my head gets dizzy when i try to get up,Feeling dizzy,38202325,1,0,0,Dizziness and vertigo
1.0,0.6621,3.33,1.0,44259428,https://ml.sandbox.cf3.us/cgi-bin/index.cgi?download=1249120_44259428_86445054.wav&key=test_key_TISTK,1249120_44259428_86445054.wav,my son had his lip pierced and it is swollen and the skin inside on his lip is grey and looks infected,Infected wound,43755034,1,0,0,Wound and injury
1.0,1.0,3.33,1.0,44259428,https://ml.sandbox.cf3.us/cgi-bin/index.cgi?download=1249120_44259428_95841310.wav&key=test_key_TISTK,1249120_44259428_95841310.wav,i could not exercise because of my knee pain,Knee pain,21665495,1,0,0,Leg and foot pain
0.6747,1.0,3.33,1.0,44259428,https://ml.sandbox.cf3.us/cgi-bin/index.cgi?download=1249120_44259428_96688403.wav&key=test_key_TISTK,1249120_44259428_96688403.wav,i have difficulty in breathing in crowded places,Hard to breath,40632132,1,0,0,Respiratory issue
1.0,1.0,3.33,1.0,44263136,https://ml.sandbox.cf3.us/cgi-bin/index.cgi?download=1249120_44263136_103802215.wav&key=test_key_TISTK,1249120_44263136_103802215.wav,my child has cough all night she cant sleep,Cough,44063565,1,0,0,Respiratory issue
1.0,0.6834,3.33,1.0,44263136,https://ml.sandbox.cf3.us/cgi-bin/index.cgi?download=1249120_44263136_106922287.wav&key=test_key_TISTK,1249120_44263136_106922287.wav,i have a back pain since i turned  years old,Back pain,40632132,1,0,0,"Neck, back or spinal issues"
1.0,1.0,3.33,1.0,44263136,https://ml.sandbox.cf3.us/cgi-bin/index.cgi?download=1249120_44263136_107482610.wav&key=test_key_TISTK,1249120_44263136_107482610.wav,i feel like something is squeezing my lungs,Hard to breath,34987462,1,0,0,Respiratory issue
1.0,1.0,3.33,1.0,44263136,https://ml.sandbox.cf3.us/cgi-bin/index.cgi?download=1249120_44263136_12662866.wav&key=test_key_TISTK,1249120_44263136_12662866.wav,i feel pain in the knee,Knee pain,43730599,1,0,0,Leg and foot pain
1.0,1.0,3.33,1.0,44263136,https://ml.sandbox.cf3.us/cgi-bin/index.cgi?download=1249120_44263136_13651055.wav&key=test_key_TISTK,1249120_44263136_13651055.wav,my ankle joint throbs when i put pressure on my foot,Joint pain,38202325,1,0,0,Muscle and joint pain
0.6839,1.0,3.33,1.0,44263136,https://ml.sandbox.cf3.us/cgi-bin/index.cgi?download=1249120_44263136_15762375.wav&key=test_key_TISTK,1249120_44263136_15762375.wav,i always feel like i have menstrual pains even if i dont have my period,Internal pain,44130352,1,0,0,Internal pain
1.0,1.0,3.33,1.0,44263136,https://ml.sandbox.cf3.us/cgi-bin/index.cgi?download=1249120_44263136_18526428.wav&key=test_key_TISTK,1249120_44263136_18526428.wav,in highschool i had a lot of acne,Acne,44246595,1,0,0,Hair and skin issues
1.0,1.0,3.33,1.0,44263136,https://ml.sandbox.cf3.us/cgi-bin/index.cgi?download=1249120_44263136_22818184.wav&key=test_key_TISTK,1249120_44263136_22818184.wav,i have a red rash that is itchy on my skin,Skin issue,42082009,1,0,0,Hair and skin issues
1.0,1.0,3.33,1.0,44263136,https://ml.sandbox.cf3.us/cgi-bin/index.cgi?download=1249120_44263136_25998544.wav&key=test_key_TISTK,1249120_44263136_25998544.wav,i have pain like needles in my joints,Joint pain,44063565,1,0,0,Muscle and joint pain
1.0,1.0,3.33,1.0,44263136,https://ml.sandbox.cf3.us/cgi-bin/index.cgi?download=1249120_44263136_26194304.wav&key=test_key_TISTK,1249120_44263136_26194304.wav,my foot had been aching since last tuesday,Foot ache,44140394,1,0,0,Leg and foot pain
1.0,1.0,3.33,1.0,44263136,https://ml.sandbox.cf3.us/cgi-bin/index.cgi?download=1249120_44263136_28094510.wav&key=test_key_TISTK,1249120_44263136_28094510.wav,i couldnt stop shaking or unclench my jaw thats how cold i was,Feeling cold,44130352,1,0,0,Feeling cold/hot
1.0,1.0,3.33,1.0,44263136,https://ml.sandbox.cf3.us/cgi-bin/index.cgi?download=1249120_44263136_30518887.wav&key=test_key_TISTK,1249120_44263136_30518887.wav,longitudinal burning line across back with hard respiratory movements,Back pain,43868212,1,0,0,"Neck, back or spinal issues"
1.0,1.0,3.33,1.0,44263136,https://ml.sandbox.cf3.us/cgi-bin/index.cgi?download=1249120_44263136_31607750.wav&key=test_key_TISTK,1249120_44263136_31607750.wav,i feel aching on my insides,Internal pain,43755034,1,0,0,Internal pain
0.6875,1.0,3.33,1.0,44263136,https://ml.sandbox.cf3.us/cgi-bin/index.cgi?download=1249120_44263136_34327747.wav&key=test_key_TISTK,1249120_44263136_34327747.wav,my hair always falls out and i have lost a lot of hair lately,Hair falling out,44150058,1,0,0,Hair and skin issues
1.0,1.0,3.33,1.0,44263136,https://ml.sandbox.cf3.us/cgi-bin/index.cgi?download=1249120_44263136_36286570.wav&key=test_key_TISTK,1249120_44263136_36286570.wav,my neck has been sore since the accident,Neck pain,44140394,1,0,0,"Neck, back or spinal issues"
1.0,1.0,3.33,1.0,44263136,https://ml.sandbox.cf3.us/cgi-bin/index.cgi?download=1249120_44263136_41431969.wav&key=test_key_TISTK,1249120_44263136_41431969.wav,i have a headache almost every day,Head ache,21665495,1,0,0,Headache
1.0,1.0,3.33,1.0,44263136,https://ml.sandbox.cf3.us/cgi-bin/index.cgi?download=1249120_44263136_49038863.wav&key=test_key_TISTK,1249120_44263136_49038863.wav,i have a migrain and i took panadol but it doesnt help,Head ache,44066678,1,0,0,Headache
1.0,1.0,3.33,1.0,44263136,https://ml.sandbox.cf3.us/cgi-bin/index.cgi?download=1249120_44263136_51762834.wav&key=test_key_TISTK,1249120_44263136_51762834.wav,my back hurts a lot when i bend,Back pain,41918114,1,0,0,"Neck, back or spinal issues"
0.6966,1.0,3.33,1.0,44263136,https://ml.sandbox.cf3.us/cgi-bin/index.cgi?download=1249120_44263136_58592964.wav&key=test_key_TISTK,1249120_44263136_58592964.wav,my chest hurts when i go to take a breath,Hard to breath,43913997,1,0,0,Respiratory issue
1.0,1.0,3.33,0.6835,44263136,https://ml.sandbox.cf3.us/cgi-bin/index.cgi?download=1249120_44263136_77095387.wav&key=test_key_TISTK,1249120_44263136_77095387.wav,have severe cold and cough,Cough,43985758,1,0,0,Respiratory issue
1.0,1.0,3.33,1.0,44263136,https://ml.sandbox.cf3.us/cgi-bin/index.cgi?download=1249120_44263136_78073786.wav&key=test_key_TISTK,1249120_44263136_78073786.wav,my kee is swallowing which indicates i have an infected wound,Infected wound,21665495,1,0,0,Wound and injury
1.0,0.6434,3.33,1.0,44263136,https://ml.sandbox.cf3.us/cgi-bin/index.cgi?download=1249120_44263136_78833554.wav&key=test_key_TISTK,1249120_44263136_78833554.wav,i feel sad,Emotional pain,44124309,1,0,0,Emotional and mental health
1.0,1.0,3.33,1.0,44263136,https://ml.sandbox.cf3.us/cgi-bin/index.cgi?download=1249120_44263136_79226700.wav&key=test_key_TISTK,1249120_44263136_79226700.wav,im very worried that ill go bald soon am i very sick,Hair falling out,40925305,1,0,0,Hair and skin issues
1.0,1.0,3.33,1.0,44263136,https://ml.sandbox.cf3.us/cgi-bin/index.cgi?download=1249120_44263136_81225662.wav&key=test_key_TISTK,1249120_44263136_81225662.wav,i feel like i can hardly breathe unless i get whats in my lungs out,Cough,44164300,1,0,0,Respiratory issue
1.0,1.0,3.33,1.0,44263136,https://ml.sandbox.cf3.us/cgi-bin/index.cgi?download=1249120_44263136_85067361.wav&key=test_key_TISTK,1249120_44263136_85067361.wav,my throught is so sore,Neck pain,34987462,1,0,0,"Neck, back or spinal issues"
1.0,1.0,3.33,0.68,44263136,https://ml.sandbox.cf3.us/cgi-bin/index.cgi?download=1249120_44263136_86205654.wav&key=test_key_TISTK,1249120_44263136_86205654.wav,my body feels weak although i eat a lot why,Body feels weak,40632132,1,0,0,General weakness
1.0,1.0,3.33,1.0,44263136,https://ml.sandbox.cf3.us/cgi-bin/index.cgi?download=1249120_44263136_87455428.wav&key=test_key_TISTK,1249120_44263136_87455428.wav,my ankle is hurting me,Joint pain,43838565,1,0,0,Muscle and joint pain
0.6645,0.6581,3.33,1.0,44263136,https://ml.sandbox.cf3.us/cgi-bin/index.cgi?download=1249120_44263136_88227448.wav&key=test_key_TISTK,1249120_44263136_88227448.wav,i cut my foot at the pool and it breaks open every day when i walk on it,Open wound,43755034,1,0,0,Wound and injury
1.0,1.0,3.33,1.0,44263136,https://ml.sandbox.cf3.us/cgi-bin/index.cgi?download=1249120_44263136_89141475.wav&key=test_key_TISTK,1249120_44263136_89141475.wav,my heart hurts while im sad why,Heart hurts,40632132,1,0,0,Chest pain
1.0,1.0,3.33,1.0,44263136,https://ml.sandbox.cf3.us/cgi-bin/index.cgi?download=1249120_44263136_93647784.wav&key=test_key_TISTK,1249120_44263136_93647784.wav,everything looks like beeing in a smoky area,Blurry vision,34987462,1,0,0,Sensory issues
1.0,1.0,3.33,1.0,44273314,https://ml.sandbox.cf3.us/cgi-bin/index.cgi?download=1249120_44273314_104690533.wav&key=test_key_TISTK,1249120_44273314_104690533.wav,my body feels like its in a refrigerator,Feeling cold,44292353,1,0,0,Feeling cold/hot
1.0,1.0,3.33,1.0,44273314,https://ml.sandbox.cf3.us/cgi-bin/index.cgi?download=1249120_44273314_106435928.wav&key=test_key_TISTK,1249120_44273314_106435928.wav,ive tried reading books but nothing can cheer me up,Emotional pain,44292353,1,0,0,Emotional and mental health
1.0,1.0,3.33,1.0,44273314,https://ml.sandbox.cf3.us/cgi-bin/index.cgi?download=1249120_44273314_106442057.wav&key=test_key_TISTK,1249120_44273314_106442057.wav,sterilizer for the eye,Blurry vision,43555186,1,0,0,Sensory issues
1.0,0.6622,3.33,1.0,44273314,https://ml.sandbox.cf3.us/cgi-bin/index.cgi?download=1249120_44273314_16049788.wav&key=test_key_TISTK,1249120_44273314_16049788.wav,my chest hurts when i go to take a breath,Hard to breath,43913997,1,0,0,Respiratory issue
1.0,1.0,3.33,1.0,44273314,https://ml.sandbox.cf3.us/cgi-bin/index.cgi?download=1249120_44273314_24711015.wav&key=test_key_TISTK,1249120_44273314_24711015.wav,my heart hurts while im sad why,Heart hurts,40632132,1,0,0,Chest pain
1.0,1.0,3.33,1.0,44273314,https://ml.sandbox.cf3.us/cgi-bin/index.cgi?download=1249120_44273314_25005396.wav&key=test_key_TISTK,1249120_44273314_25005396.wav,everything looks like beeing in a smoky area,Blurry vision,34987462,1,0,0,Sensory issues
1.0,0.6824,3.33,1.0,44273314,https://ml.sandbox.cf3.us/cgi-bin/index.cgi?download=1249120_44273314_30937230.wav&key=test_key_TISTK,1249120_44273314_30937230.wav,i feel pain in the knee when walking,Knee pain,41918114,1,0,0,Leg and foot pain
1.0,0.6622,3.33,1.0,44273314,https://ml.sandbox.cf3.us/cgi-bin/index.cgi?download=1249120_44273314_35569629.wav&key=test_key_TISTK,1249120_44273314_35569629.wav,i have a red rash that is itchy on my skin,Skin issue,42082009,1,0,0,Hair and skin issues
1.0,1.0,3.33,1.0,44273314,https://ml.sandbox.cf3.us/cgi-bin/index.cgi?download=1249120_44273314_38073414.wav&key=test_key_TISTK,1249120_44273314_38073414.wav,i feel like l fell in hot water,Skin issue,44118742,1,0,0,Hair and skin issues
1.0,0.6688,3.33,1.0,44273314,https://ml.sandbox.cf3.us/cgi-bin/index.cgi?download=1249120_44273314_47748885.wav&key=test_key_TISTK,1249120_44273314_47748885.wav,my body feels weak although i eat a lot why,Body feels weak,40632132,1,0,0,General weakness
0.6723,1.0,3.33,1.0,44273314,https://ml.sandbox.cf3.us/cgi-bin/index.cgi?download=1249120_44273314_69242491.wav&key=test_key_TISTK,1249120_44273314_69242491.wav,my body aches on the inside between my hips and shoulders,Internal pain,43755034,1,0,0,Internal pain
1.0,0.659,3.33,1.0,44273314,https://ml.sandbox.cf3.us/cgi-bin/index.cgi?download=1249120_44273314_71015022.wav&key=test_key_TISTK,1249120_44273314_71015022.wav,my ankle joint throbs when i put pressure on my foot,Joint pain,38202325,1,0,0,Muscle and joint pain
1.0,1.0,3.33,1.0,44273314,https://ml.sandbox.cf3.us/cgi-bin/index.cgi?download=1249120_44273314_71205285.wav&key=test_key_TISTK,1249120_44273314_71205285.wav,im not hearing well i have problem with my ear,Ear ache,44045955,1,0,0,Sensory issues
1.0,0.6862,3.33,1.0,44273314,https://ml.sandbox.cf3.us/cgi-bin/index.cgi?download=1249120_44273314_72971747.wav&key=test_key_TISTK,1249120_44273314_72971747.wav,i feel emotionally crushed,Emotional pain,43730599,1,0,0,Emotional and mental health
1.0,1.0,3.33,1.0,44273314,https://ml.sandbox.cf3.us/cgi-bin/index.cgi?download=1249120_44273314_91569607.wav&key=test_key_TISTK,1249120_44273314_91569607.wav,there is a sharp pain in my bicep i have tried to apply pain relief cream but it does not help,Muscle pain,43767396,1,0,0,Muscle and joint pain
1.0,1.0,3.33,1.0,44294866,https://ml.sandbox.cf3.us/cgi-bin/index.cgi?download=1249120_44294866_104237668.wav&key=test_key_TISTK,1249120_44294866_104237668.wav,i have a pain in my head,Head ache,44045955,1,0,0,Headache
1.0,1.0,3.33,1.0,44294866,https://ml.sandbox.cf3.us/cgi-bin/index.cgi?download=1249120_44294866_104430582.wav&key=test_key_TISTK,1249120_44294866_104430582.wav,i have a throbbing in my joints,Joint pain,44164300,1,0,0,Muscle and joint pain
1.0,1.0,3.33,1.0,44294866,https://ml.sandbox.cf3.us/cgi-bin/index.cgi?download=1249120_44294866_104890103.wav&key=test_key_TISTK,1249120_44294866_104890103.wav,i have a hard muscle pain since i went to the gym,Muscle pain,44150058,1,0,0,Muscle and joint pain
1.0,1.0,3.33,0.7117,44294866,https://ml.sandbox.cf3.us/cgi-bin/index.cgi?download=1249120_44294866_105332708.wav&key=test_key_TISTK,1249120_44294866_105332708.wav,i dont have full range of motion with my arms,Shoulder pain,43913997,1,0,0,Shoulder pain
1.0,1.0,3.33,1.0,44294866,https://ml.sandbox.cf3.us/cgi-bin/index.cgi?download=1249120_44294866_106050928.wav&key=test_key_TISTK,1249120_44294866_106050928.wav,i was diagnosed with pneumonia i cant breath easily,Hard to breath,44063565,1,0,0,Respiratory issue
1.0,1.0,3.33,1.0,44294866,https://ml.sandbox.cf3.us/cgi-bin/index.cgi?download=1249120_44294866_13068476.wav&key=test_key_TISTK,1249120_44294866_13068476.wav,the area around my heart doesnt feel good,Heart hurts,44292353,1,0,0,Chest pain
1.0,1.0,3.33,1.0,44294866,https://ml.sandbox.cf3.us/cgi-bin/index.cgi?download=1249120_44294866_16718315.wav&key=test_key_TISTK,1249120_44294866_16718315.wav,i get a knee pain when i walk a lot,Knee pain,21665495,1,0,0,Leg and foot pain
0.6824,0.6622,3.33,1.0,44294866,https://ml.sandbox.cf3.us/cgi-bin/index.cgi?download=1249120_44294866_19000724.wav&key=test_key_TISTK,1249120_44294866_19000724.wav,when i stand up too quickly i start to feel dizzy and lightheaded,Feeling dizzy,43838565,1,0,0,Dizziness and vertigo
1.0,1.0,3.33,1.0,44294866,https://ml.sandbox.cf3.us/cgi-bin/index.cgi?download=1249120_44294866_21761084.wav&key=test_key_TISTK,1249120_44294866_21761084.wav,i got acne when i ate chili,Acne,21665495,1,0,0,Hair and skin issues
1.0,1.0,3.33,1.0,44294866,https://ml.sandbox.cf3.us/cgi-bin/index.cgi?download=1249120_44294866_29194304.wav&key=test_key_TISTK,1249120_44294866_29194304.wav,i usually have a bad cough when i get flu,Cough,43949040,1,0,0,Respiratory issue
1.0,1.0,3.33,1.0,44294866,https://ml.sandbox.cf3.us/cgi-bin/index.cgi?download=1249120_44294866_30450066.wav&key=test_key_TISTK,1249120_44294866_30450066.wav,i have a neck pain when i sit infront of my laptop,Neck pain,40632132,1,0,0,"Neck, back or spinal issues"
1.0,1.0,3.33,1.0,44294866,https://ml.sandbox.cf3.us/cgi-bin/index.cgi?download=1249120_44294866_37364395.wav&key=test_key_TISTK,1249120_44294866_37364395.wav,severe pain in the upper left side of chest and may have pain to back,Heart hurts,43868212,1,0,0,Chest pain
1.0,1.0,3.33,1.0,44294866,https://ml.sandbox.cf3.us/cgi-bin/index.cgi?download=1249120_44294866_39510206.wav&key=test_key_TISTK,1249120_44294866_39510206.wav,i love to garden but i get a terrible twinge in my lower back when i lean over,Back pain,19638651,1,0,0,"Neck, back or spinal issues"
1.0,0.6588,3.33,1.0,44294866,https://ml.sandbox.cf3.us/cgi-bin/index.cgi?download=1249120_44294866_43326442.wav&key=test_key_TISTK,1249120_44294866_43326442.wav,i have a pain in my elbow joint,Joint pain,43838565,1,0,0,Muscle and joint pain
1.0,0.6716,3.33,1.0,44294866,https://ml.sandbox.cf3.us/cgi-bin/index.cgi?download=1249120_44294866_49687487.wav&key=test_key_TISTK,1249120_44294866_49687487.wav,i had an accident and my wound was open when i arrived to hospital,Open wound,43949040,1,0,0,Wound and injury
1.0,0.6731,3.33,1.0,44294866,https://ml.sandbox.cf3.us/cgi-bin/index.cgi?download=1249120_44294866_52332577.wav&key=test_key_TISTK,1249120_44294866_52332577.wav,i dont do anything at home and still i feel exhausted,Body feels weak,44130352,1,0,0,General weakness
1.0,1.0,3.33,1.0,44294866,https://ml.sandbox.cf3.us/cgi-bin/index.cgi?download=1249120_44294866_53713877.wav&key=test_key_TISTK,1249120_44294866_53713877.wav,i feel very hard to breathe,Hard to breath,43730599,1,0,0,Respiratory issue
1.0,1.0,3.33,1.0,44294866,https://ml.sandbox.cf3.us/cgi-bin/index.cgi?download=1249120_44294866_56914981.wav&key=test_key_TISTK,1249120_44294866_56914981.wav,my lower back hurts but it improves if i stretch it,Muscle pain,44164300,1,0,0,Muscle and joint pain
1.0,1.0,3.33,1.0,44294866,https://ml.sandbox.cf3.us/cgi-bin/index.cgi?download=1249120_44294866_57205296.wav&key=test_key_TISTK,1249120_44294866_57205296.wav,i feel a burning sensation in my guts about  hours after each meal,Stomach ache,40925305,1,0,0,Digestive issues
1.0,1.0,3.33,1.0,44294866,https://ml.sandbox.cf3.us/cgi-bin/index.cgi?download=1249120_44294866_58377113.wav&key=test_key_TISTK,1249120_44294866_58377113.wav,sometimes when it is cold outside my face hurts especially around the pimples that are ready to pop,Acne,44130352,1,0,0,Hair and skin issues
1.0,1.0,3.33,1.0,44294866,https://ml.sandbox.cf3.us/cgi-bin/index.cgi?download=1249120_44294866_60643161.wav&key=test_key_TISTK,1249120_44294866_60643161.wav,i cant stand up or sit down i have a pain in my back that annoys me,Back pain,43318517,1,0,0,"Neck, back or spinal issues"
1.0,1.0,3.33,1.0,44294866,https://ml.sandbox.cf3.us/cgi-bin/index.cgi?download=1249120_44294866_61770999.wav&key=test_key_TISTK,1249120_44294866_61770999.wav,when i move on my shoulder pain shoots down my arm,Shoulder pain,44164300,1,0,0,Shoulder pain
1.0,1.0,3.33,1.0,44294866,https://ml.sandbox.cf3.us/cgi-bin/index.cgi?download=1249120_44294866_63568111.wav&key=test_key_TISTK,1249120_44294866_63568111.wav,i feel a great pain in my shoulder when i try to lift something heavy,Shoulder pain,44150058,1,0,0,Shoulder pain
1.0,1.0,3.33,1.0,44294866,https://ml.sandbox.cf3.us/cgi-bin/index.cgi?download=1249120_44294866_64368433.wav&key=test_key_TISTK,1249120_44294866_64368433.wav,i was travelling by ship and i feel dizzy,Feeling dizzy,44063565,1,0,0,Dizziness and vertigo
1.0,1.0,3.33,1.0,44294866,https://ml.sandbox.cf3.us/cgi-bin/index.cgi?download=1249120_44294866_67568437.wav&key=test_key_TISTK,1249120_44294866_67568437.wav,my hair isnt well,Hair falling out,44124309,1,0,0,Hair and skin issues
1.0,0.6779,3.33,1.0,44294866,https://ml.sandbox.cf3.us/cgi-bin/index.cgi?download=1249120_44294866_68130365.wav&key=test_key_TISTK,1249120_44294866_68130365.wav,i have a pain in my stomach,Internal pain,21665495,1,0,0,Internal pain
1.0,1.0,3.33,0.6485,44294866,https://ml.sandbox.cf3.us/cgi-bin/index.cgi?download=1249120_44294866_74679338.wav&key=test_key_TISTK,1249120_44294866_74679338.wav,i have a great stomach ache and i cant eat any thing,Stomach ache,44150058,1,0,0,Digestive issues
1.0,1.0,3.33,1.0,44294866,https://ml.sandbox.cf3.us/cgi-bin/index.cgi?download=1249120_44294866_89734541.wav&key=test_key_TISTK,1249120_44294866_89734541.wav,my entire body is freezing,Feeling cold,44292353,1,0,0,Feeling cold/hot
1.0,1.0,3.33,1.0,44294866,https://ml.sandbox.cf3.us/cgi-bin/index.cgi?download=1249120_44294866_92792208.wav&key=test_key_TISTK,1249120_44294866_92792208.wav,when i stand up too quickly i start to feel dizzy and lightheaded,Feeling dizzy,44066678,1,0,0,Dizziness and vertigo
1.0,1.0,3.33,1.0,44294866,https://ml.sandbox.cf3.us/cgi-bin/index.cgi?download=1249120_44294866_99659302.wav&key=test_key_TISTK,1249120_44294866_99659302.wav,i feel a soreness in my knees when i walk,Joint pain,43913997,1,0,0,Muscle and joint pain
1.0,1.0,3.33,1.0,44323331,https://ml.sandbox.cf3.us/cgi-bin/index.cgi?download=1249120_44323331_10095808.wav&key=test_key_TISTK,1249120_44323331_10095808.wav,there is a sharp pain in my bicep,Muscle pain,43838565,1,0,0,Muscle and joint pain
1.0,0.6769,3.33,1.0,44323331,https://ml.sandbox.cf3.us/cgi-bin/index.cgi?download=1249120_44323331_14650475.wav&key=test_key_TISTK,1249120_44323331_14650475.wav,i can hardly breathe,Hard to breath,44124309,1,0,0,Respiratory issue
1.0,0.6633,3.33,0.6633,44323331,https://ml.sandbox.cf3.us/cgi-bin/index.cgi?download=1249120_44323331_23606264.wav&key=test_key_TISTK,1249120_44323331_23606264.wav,i toppled over while jumping to catch the ball,Injury from sports,34987462,1,0,0,Wound and injury
0.6709,0.6709,3.33,1.0,44323331,https://ml.sandbox.cf3.us/cgi-bin/index.cgi?download=1249120_44323331_55722581.wav&key=test_key_TISTK,1249120_44323331_55722581.wav,when i wake up in the morning i feel a soreness in my body,Muscle pain,43913997,1,0,0,Muscle and joint pain
1.0,0.654,3.33,1.0,44323331,https://ml.sandbox.cf3.us/cgi-bin/index.cgi?download=1249120_44323331_59191528.wav&key=test_key_TISTK,1249120_44323331_59191528.wav,i get an ear ache when it is cold,Ear ache,21665495,1,0,0,Sensory issues
1.0,0.6667,3.33,0.6736,44323331,https://ml.sandbox.cf3.us/cgi-bin/index.cgi?download=1249120_44323331_63393498.wav&key=test_key_TISTK,1249120_44323331_63393498.wav,i have a great pain in my foot like thrombing pain with relaxing my pain releif,Foot ache,44066678,1,0,0,Leg and foot pain
1.0,0.669,3.33,1.0,44323331,https://ml.sandbox.cf3.us/cgi-bin/index.cgi?download=1249120_44323331_84030889.wav&key=test_key_TISTK,1249120_44323331_84030889.wav,i feel great pain in the head,Head ache,43730599,1,0,0,Headache
1.0,1.0,3.33,0.6668,44323331,https://ml.sandbox.cf3.us/cgi-bin/index.cgi?download=1249120_44323331_94962408.wav&key=test_key_TISTK,1249120_44323331_94962408.wav,i feel pain in my throat,Cough,43730599,1,0,0,Respiratory issue
1.0,0.6714,3.33,1.0,44323331,https://ml.sandbox.cf3.us/cgi-bin/index.cgi?download=1249120_44323331_95860925.wav&key=test_key_TISTK,1249120_44323331_95860925.wav,i made lots and lots of analysis to know the main reason for my stomach ache,Stomach ache,44118742,1,0,0,Digestive issues
1.0,1.0,3.33,1.0,44442354,https://ml.sandbox.cf3.us/cgi-bin/index.cgi?download=1249120_44442354_25790660.wav&key=test_key_TISTK,1249120_44442354_25790660.wav,i have a hair shortage,Hair falling out,44340112,1,0,0,Hair and skin issues
1.0,1.0,3.33,1.0,44442354,https://ml.sandbox.cf3.us/cgi-bin/index.cgi?download=1249120_44442354_96518720.wav&key=test_key_TISTK,1249120_44442354_96518720.wav,i fell a stiffness in my elbows and shoulders,Joint pain,43913997,1,0,0,Muscle and joint pain
1.0,1.0,3.33,1.0,44442354,https://ml.sandbox.cf3.us/cgi-bin/index.cgi?download=1249120_44442354_97149231.wav&key=test_key_TISTK,1249120_44442354_97149231.wav,im suffering from sharp cough accompanied by  phlegm,Cough,44150058,1,0,0,Respiratory issue
1.0,0.6669,3.67,1.0,44259428,https://ml.sandbox.cf3.us/cgi-bin/index.cgi?download=1249120_44259428_100443017.wav&key=test_key_TISTK,1249120_44259428_100443017.wav,there pain in my foot,Foot ache,44124309,1,0,0,Leg and foot pain
1.0,1.0,3.67,1.0,44259428,https://ml.sandbox.cf3.us/cgi-bin/index.cgi?download=1249120_44259428_105662498.wav&key=test_key_TISTK,1249120_44259428_105662498.wav,i was playing basketball yesterday i have sprained ankle,Injury from sports,44063565,1,0,0,Wound and injury
1.0,1.0,3.67,1.0,44259428,https://ml.sandbox.cf3.us/cgi-bin/index.cgi?download=1249120_44259428_105786249.wav&key=test_key_TISTK,1249120_44259428_105786249.wav,i feel a burning sensation in my shoulder muscle,Muscle pain,38202325,1,0,0,Muscle and joint pain
1.0,0.6644,3.67,1.0,44259428,https://ml.sandbox.cf3.us/cgi-bin/index.cgi?download=1249120_44259428_108477882.wav&key=test_key_TISTK,1249120_44259428_108477882.wav,my knees hurt so bad to walk that i stay sitting more than i should,Knee pain,43755034,1,0,0,Leg and foot pain
1.0,1.0,3.67,1.0,44259428,https://ml.sandbox.cf3.us/cgi-bin/index.cgi?download=1249120_44259428_16757387.wav&key=test_key_TISTK,1249120_44259428_16757387.wav,i feel discomfort throughout the body in general,Body feels weak,44340112,1,0,0,General weakness
1.0,1.0,3.67,1.0,44259428,https://ml.sandbox.cf3.us/cgi-bin/index.cgi?download=1249120_44259428_20551217.wav&key=test_key_TISTK,1249120_44259428_20551217.wav,i have difficulty moving my neck,Neck pain,44088126,1,0,0,"Neck, back or spinal issues"
1.0,1.0,3.67,1.0,44259428,https://ml.sandbox.cf3.us/cgi-bin/index.cgi?download=1249120_44259428_25649773.wav&key=test_key_TISTK,1249120_44259428_25649773.wav,i cant breathe,Cough,43767396,1,0,0,Respiratory issue
1.0,0.6711,3.67,1.0,44259428,https://ml.sandbox.cf3.us/cgi-bin/index.cgi?download=1249120_44259428_32632229.wav&key=test_key_TISTK,1249120_44259428_32632229.wav,i feel pain in my heart when i wake up,Heart hurts,21665495,1,0,0,Chest pain
1.0,1.0,3.67,1.0,44259428,https://ml.sandbox.cf3.us/cgi-bin/index.cgi?download=1249120_44259428_34986999.wav&key=test_key_TISTK,1249120_44259428_34986999.wav,i get clusters of pimples on my face that never go away,Acne,43755034,1,0,0,Hair and skin issues
1.0,1.0,3.67,1.0,44259428,https://ml.sandbox.cf3.us/cgi-bin/index.cgi?download=1249120_44259428_46472982.wav&key=test_key_TISTK,1249120_44259428_46472982.wav,my face break out badly every month around my cycle,Acne,43755034,1,0,0,Hair and skin issues
1.0,0.6608,3.67,1.0,44259428,https://ml.sandbox.cf3.us/cgi-bin/index.cgi?download=1249120_44259428_52976378.wav&key=test_key_TISTK,1249120_44259428_52976378.wav,my back hurts so much i cant bend down to tie my shoelaces,Back pain,40925305,1,0,0,"Neck, back or spinal issues"
0.6763,0.6763,3.67,1.0,44259428,https://ml.sandbox.cf3.us/cgi-bin/index.cgi?download=1249120_44259428_54532216.wav&key=test_key_TISTK,1249120_44259428_54532216.wav,i feel hurt lot of pain in my heart,Emotional pain,44088126,1,0,0,Emotional and mental health
0.6689,1.0,3.67,1.0,44259428,https://ml.sandbox.cf3.us/cgi-bin/index.cgi?download=1249120_44259428_55288440.wav&key=test_key_TISTK,1249120_44259428_55288440.wav,my chest break out with red pimples and whiteheads,Acne,43755034,1,0,0,Hair and skin issues
1.0,1.0,3.67,1.0,44259428,https://ml.sandbox.cf3.us/cgi-bin/index.cgi?download=1249120_44259428_56567581.wav&key=test_key_TISTK,1249120_44259428_56567581.wav,i was kicked in the head playing soccer last night,Injury from sports,44140394,1,0,0,Wound and injury
1.0,1.0,3.67,1.0,44259428,https://ml.sandbox.cf3.us/cgi-bin/index.cgi?download=1249120_44259428_57761508.wav&key=test_key_TISTK,1249120_44259428_57761508.wav,i cant sleep i have a hard cough,Cough,44045955,1,0,0,Respiratory issue
1.0,1.0,3.67,1.0,44259428,https://ml.sandbox.cf3.us/cgi-bin/index.cgi?download=1249120_44259428_58709056.wav&key=test_key_TISTK,1249120_44259428_58709056.wav,when i do hard exercises i feel great pain in my muscles,Muscle pain,43949040,1,0,0,Muscle and joint pain
1.0,0.6667,3.67,1.0,44259428,https://ml.sandbox.cf3.us/cgi-bin/index.cgi?download=1249120_44259428_65420088.wav&key=test_key_TISTK,1249120_44259428_65420088.wav,i feel pain when i think of her,Emotional pain,21665495,1,0,0,Emotional and mental health
1.0,0.66,3.67,1.0,44259428,https://ml.sandbox.cf3.us/cgi-bin/index.cgi?download=1249120_44259428_67815432.wav&key=test_key_TISTK,1249120_44259428_67815432.wav,ive had this cough for two weeks,Cough,44140394,1,0,0,Respiratory issue
1.0,1.0,3.67,1.0,44259428,https://ml.sandbox.cf3.us/cgi-bin/index.cgi?download=1249120_44259428_72249048.wav&key=test_key_TISTK,1249120_44259428_72249048.wav,i break out on my face very frequently,Acne,42082009,1,0,0,Hair and skin issues
1.0,1.0,3.67,1.0,44259428,https://ml.sandbox.cf3.us/cgi-bin/index.cgi?download=1249120_44259428_76204403.wav&key=test_key_TISTK,1249120_44259428_76204403.wav,i feel increased heart rate with prick,Heart hurts,41918114,1,0,0,Chest pain
1.0,1.0,3.67,1.0,44259428,https://ml.sandbox.cf3.us/cgi-bin/index.cgi?download=1249120_44259428_84461460.wav&key=test_key_TISTK,1249120_44259428_84461460.wav,whenever i stand up i feel dizzy,Feeling dizzy,38202325,1,0,0,Dizziness and vertigo
1.0,1.0,3.67,1.0,44259428,https://ml.sandbox.cf3.us/cgi-bin/index.cgi?download=1249120_44259428_87762932.wav&key=test_key_TISTK,1249120_44259428_87762932.wav,i have acne all over my face,Acne,21665495,1,0,0,Hair and skin issues
1.0,0.6644,3.67,1.0,44259428,https://ml.sandbox.cf3.us/cgi-bin/index.cgi?download=1249120_44259428_88280001.wav&key=test_key_TISTK,1249120_44259428_88280001.wav,my kneecap feels like it is grating bone on bone when i walk,Knee pain,43755034,1,0,0,Leg and foot pain
1.0,0.6426,3.67,1.0,44259428,https://ml.sandbox.cf3.us/cgi-bin/index.cgi?download=1249120_44259428_92199033.wav&key=test_key_TISTK,1249120_44259428_92199033.wav,i feel dizzy after doing a muscular effort,Feeling dizzy,43772689,1,0,0,Dizziness and vertigo
1.0,1.0,3.67,1.0,44263136,https://ml.sandbox.cf3.us/cgi-bin/index.cgi?download=1249120_44263136_100870435.wav&key=test_key_TISTK,1249120_44263136_100870435.wav,the joints in my fingers are painful in the morning,Joint pain,44140394,1,0,0,Muscle and joint pain
1.0,0.6644,3.67,1.0,44263136,https://ml.sandbox.cf3.us/cgi-bin/index.cgi?download=1249120_44263136_101522822.wav&key=test_key_TISTK,1249120_44263136_101522822.wav,i have a pain in my muscle,Muscle pain,44045955,1,0,0,Muscle and joint pain
1.0,1.0,3.67,1.0,44263136,https://ml.sandbox.cf3.us/cgi-bin/index.cgi?download=1249120_44263136_101812019.wav&key=test_key_TISTK,1249120_44263136_101812019.wav,i feel hurts in my heart,Heart hurts,44045955,1,0,0,Chest pain
1.0,1.0,3.67,1.0,44263136,https://ml.sandbox.cf3.us/cgi-bin/index.cgi?download=1249120_44263136_106227417.wav&key=test_key_TISTK,1249120_44263136_106227417.wav,heart aches so much,Heart hurts,44088126,1,0,0,Chest pain
1.0,1.0,3.67,1.0,44263136,https://ml.sandbox.cf3.us/cgi-bin/index.cgi?download=1249120_44263136_107636900.wav&key=test_key_TISTK,1249120_44263136_107636900.wav,i may have overdone it with the weightlifting because i am afraid i may have torn a muscle on my back,Injury from sports,44130352,1,0,0,Wound and injury
1.0,1.0,3.67,1.0,44263136,https://ml.sandbox.cf3.us/cgi-bin/index.cgi?download=1249120_44263136_11828866.wav&key=test_key_TISTK,1249120_44263136_11828866.wav,there is a sharp pain in my bicep i have tried to apply pain relief cream but it does not help,Muscle pain,43767396,1,0,0,Muscle and joint pain
1.0,0.653,3.67,1.0,44263136,https://ml.sandbox.cf3.us/cgi-bin/index.cgi?download=1249120_44263136_13172477.wav&key=test_key_TISTK,1249120_44263136_13172477.wav,sometimes my body feels week without reason,Body feels weak,38687371,1,0,0,General weakness
1.0,1.0,3.67,1.0,44263136,https://ml.sandbox.cf3.us/cgi-bin/index.cgi?download=1249120_44263136_20870238.wav&key=test_key_TISTK,1249120_44263136_20870238.wav,my body feels weak although i take my vitamins regularly,Body feels weak,40632132,1,0,0,General weakness
1.0,1.0,3.67,1.0,44263136,https://ml.sandbox.cf3.us/cgi-bin/index.cgi?download=1249120_44263136_42090113.wav&key=test_key_TISTK,1249120_44263136_42090113.wav,there are times when i feel crushed under a huge weight and no air passing to my lungs it actually scares the hell out of me when it happens,Hard to breath,44130352,1,0,0,Respiratory issue
1.0,1.0,3.67,1.0,44263136,https://ml.sandbox.cf3.us/cgi-bin/index.cgi?download=1249120_44263136_43213149.wav&key=test_key_TISTK,1249120_44263136_43213149.wav,having difficulty moving my knee,Knee pain,44088126,1,0,0,Leg and foot pain
1.0,0.6863,3.67,1.0,44263136,https://ml.sandbox.cf3.us/cgi-bin/index.cgi?download=1249120_44263136_44160087.wav&key=test_key_TISTK,1249120_44263136_44160087.wav,i feel a sharp pain in the stomach after eating,Stomach ache,41918114,1,0,0,Digestive issues
1.0,0.6918,3.67,1.0,44263136,https://ml.sandbox.cf3.us/cgi-bin/index.cgi?download=1249120_44263136_46878275.wav&key=test_key_TISTK,1249120_44263136_46878275.wav,im not hearing well i have problem with my ear,Ear ache,44045955,1,0,0,Sensory issues
1.0,1.0,3.67,1.0,44263136,https://ml.sandbox.cf3.us/cgi-bin/index.cgi?download=1249120_44263136_49448724.wav&key=test_key_TISTK,1249120_44263136_49448724.wav,is there a cure for acne,Acne,43730599,1,0,0,Hair and skin issues
1.0,0.6578,3.67,1.0,44263136,https://ml.sandbox.cf3.us/cgi-bin/index.cgi?download=1249120_44263136_51547342.wav&key=test_key_TISTK,1249120_44263136_51547342.wav,i feel emotionally crushed,Emotional pain,43730599,1,0,0,Emotional and mental health
1.0,1.0,3.67,1.0,44263136,https://ml.sandbox.cf3.us/cgi-bin/index.cgi?download=1249120_44263136_52222173.wav&key=test_key_TISTK,1249120_44263136_52222173.wav,every time i make an effort i felt dizzy,Feeling dizzy,43772689,1,0,0,Dizziness and vertigo
1.0,1.0,3.67,1.0,44263136,https://ml.sandbox.cf3.us/cgi-bin/index.cgi?download=1249120_44263136_55671220.wav&key=test_key_TISTK,1249120_44263136_55671220.wav,i feel that is great pain in my left shoulder,Shoulder pain,43793610,1,0,0,Shoulder pain
1.0,1.0,3.67,1.0,44263136,https://ml.sandbox.cf3.us/cgi-bin/index.cgi?download=1249120_44263136_57609608.wav&key=test_key_TISTK,1249120_44263136_57609608.wav,my body aches on the inside between my hips and shoulders,Internal pain,43755034,1,0,0,Internal pain
1.0,0.6552,3.67,1.0,44263136,https://ml.sandbox.cf3.us/cgi-bin/index.cgi?download=1249120_44263136_59289865.wav&key=test_key_TISTK,1249120_44263136_59289865.wav,when im too high i start to feel dizzy,Feeling dizzy,38687371,1,0,0,Dizziness and vertigo
1.0,1.0,3.67,1.0,44263136,https://ml.sandbox.cf3.us/cgi-bin/index.cgi?download=1249120_44263136_68968933.wav&key=test_key_TISTK,1249120_44263136_68968933.wav,i used alot of pain killer to get better but i still feel the same back pain,Back pain,44118742,1,0,0,"Neck, back or spinal issues"
1.0,1.0,3.67,1.0,44263136,https://ml.sandbox.cf3.us/cgi-bin/index.cgi?download=1249120_44263136_71092044.wav&key=test_key_TISTK,1249120_44263136_71092044.wav,my body feels like its in a refrigerator,Feeling cold,44292353,1,0,0,Feeling cold/hot
1.0,1.0,3.67,1.0,44263136,https://ml.sandbox.cf3.us/cgi-bin/index.cgi?download=1249120_44263136_82613525.wav&key=test_key_TISTK,1249120_44263136_82613525.wav,i feel like ive always got something in my throat,Cough,44164300,1,0,0,Respiratory issue
1.0,1.0,3.67,1.0,44263136,https://ml.sandbox.cf3.us/cgi-bin/index.cgi?download=1249120_44263136_92015834.wav&key=test_key_TISTK,1249120_44263136_92015834.wav,when i wake up in the morning i feel dizzy,Feeling dizzy,43838565,1,0,0,Dizziness and vertigo
1.0,1.0,3.67,1.0,44263136,https://ml.sandbox.cf3.us/cgi-bin/index.cgi?download=1249120_44263136_93996655.wav&key=test_key_TISTK,1249120_44263136_93996655.wav,i have found some issues in my skin and tried to use cream but it doesnt get better,Skin issue,43318517,1,0,0,Hair and skin issues
1.0,0.6479,3.67,1.0,44273314,https://ml.sandbox.cf3.us/cgi-bin/index.cgi?download=1249120_44273314_102521547.wav&key=test_key_TISTK,1249120_44273314_102521547.wav,the worst headache was during a hangover in my twenties i sincerely thought i was going to die from brain inflammation,Head ache,44130352,1,0,0,Headache
1.0,0.6395,3.67,1.0,44273314,https://ml.sandbox.cf3.us/cgi-bin/index.cgi?download=1249120_44273314_16303816.wav&key=test_key_TISTK,1249120_44273314_16303816.wav,i have a problem in my middle ear made by infection,Ear ache,44066678,1,0,0,Sensory issues
1.0,1.0,3.67,1.0,44273314,https://ml.sandbox.cf3.us/cgi-bin/index.cgi?download=1249120_44273314_18787091.wav&key=test_key_TISTK,1249120_44273314_18787091.wav,i have a back pain since i turned  years old,Back pain,40632132,1,0,0,"Neck, back or spinal issues"
1.0,0.6528,3.67,1.0,44273314,https://ml.sandbox.cf3.us/cgi-bin/index.cgi?download=1249120_44273314_52748628.wav&key=test_key_TISTK,1249120_44273314_52748628.wav,i feel aching on my insides,Internal pain,43755034,1,0,0,Internal pain
1.0,1.0,3.67,1.0,44273314,https://ml.sandbox.cf3.us/cgi-bin/index.cgi?download=1249120_44273314_68456497.wav&key=test_key_TISTK,1249120_44273314_68456497.wav,i feel sad,Emotional pain,44124309,1,0,0,Emotional and mental health
1.0,1.0,3.67,1.0,44273314,https://ml.sandbox.cf3.us/cgi-bin/index.cgi?download=1249120_44273314_70276723.wav&key=test_key_TISTK,1249120_44273314_70276723.wav,i may have overdone it with the weightlifting because i am afraid i may have torn a muscle on my back,Injury from sports,44130352,1,0,0,Wound and injury
1.0,1.0,3.67,1.0,44273314,https://ml.sandbox.cf3.us/cgi-bin/index.cgi?download=1249120_44273314_70741506.wav&key=test_key_TISTK,1249120_44273314_70741506.wav,i notice a lot more hair coming out than usual when i brush my hair,Hair falling out,42082009,1,0,0,Hair and skin issues
1.0,0.6584,3.67,1.0,44273314,https://ml.sandbox.cf3.us/cgi-bin/index.cgi?download=1249120_44273314_73290676.wav&key=test_key_TISTK,1249120_44273314_73290676.wav,my hair always falls out and i have lost a lot of hair lately,Hair falling out,44150058,1,0,0,Hair and skin issues
1.0,0.6512,3.67,1.0,44273314,https://ml.sandbox.cf3.us/cgi-bin/index.cgi?download=1249120_44273314_75699317.wav&key=test_key_TISTK,1249120_44273314_75699317.wav,i have severe dry cough,Cough,43793610,1,0,0,Respiratory issue
1.0,0.6517,3.67,1.0,44273314,https://ml.sandbox.cf3.us/cgi-bin/index.cgi?download=1249120_44273314_76070691.wav&key=test_key_TISTK,1249120_44273314_76070691.wav,i have a migrain and i took panadol but it doesnt help,Head ache,44066678,1,0,0,Headache
1.0,0.6525,3.67,1.0,44273314,https://ml.sandbox.cf3.us/cgi-bin/index.cgi?download=1249120_44273314_96055783.wav&key=test_key_TISTK,1249120_44273314_96055783.wav,my head is so heavy cant think normally,Head ache,44088126,1,0,0,Headache
1.0,1.0,3.67,1.0,44294866,https://ml.sandbox.cf3.us/cgi-bin/index.cgi?download=1249120_44294866_102554677.wav&key=test_key_TISTK,1249120_44294866_102554677.wav,i have acne in my face and other problema in my derma like itching,Skin issue,44066678,1,0,0,Hair and skin issues
1.0,1.0,3.67,1.0,44294866,https://ml.sandbox.cf3.us/cgi-bin/index.cgi?download=1249120_44294866_103743912.wav&key=test_key_TISTK,1249120_44294866_103743912.wav,yesterday i had a shouder pain,Shoulder pain,38687371,1,0,0,Shoulder pain
1.0,1.0,3.67,1.0,44294866,https://ml.sandbox.cf3.us/cgi-bin/index.cgi?download=1249120_44294866_103812071.wav&key=test_key_TISTK,1249120_44294866_103812071.wav,i have a ear ache when i go to the pool,Ear ache,21665495,1,0,0,Sensory issues
1.0,0.6552,3.67,1.0,44294866,https://ml.sandbox.cf3.us/cgi-bin/index.cgi?download=1249120_44294866_14283535.wav&key=test_key_TISTK,1249120_44294866_14283535.wav,i started taking swimming lessons and i guess i swallowed too much water through my nose because this sinusitis is killing me now,Injury from sports,44130352,1,0,0,Wound and injury
1.0,1.0,3.67,1.0,44294866,https://ml.sandbox.cf3.us/cgi-bin/index.cgi?download=1249120_44294866_18570665.wav&key=test_key_TISTK,1249120_44294866_18570665.wav,i have eruptions on my face that come and go ,Acne,43755034,1,0,0,Hair and skin issues
1.0,0.6783,3.67,1.0,44294866,https://ml.sandbox.cf3.us/cgi-bin/index.cgi?download=1249120_44294866_29285051.wav&key=test_key_TISTK,1249120_44294866_29285051.wav,i am having running nose,Feeling cold,44088126,1,0,0,Feeling cold/hot
1.0,1.0,3.67,1.0,44294866,https://ml.sandbox.cf3.us/cgi-bin/index.cgi?download=1249120_44294866_38949666.wav&key=test_key_TISTK,1249120_44294866_38949666.wav,fell skull is cracked like nuts,Head ache,43868212,1,0,0,Headache
1.0,1.0,3.67,1.0,44294866,https://ml.sandbox.cf3.us/cgi-bin/index.cgi?download=1249120_44294866_52206190.wav&key=test_key_TISTK,1249120_44294866_52206190.wav,my shoulder has agreat pain,Shoulder pain,44118742,1,0,0,Shoulder pain
1.0,0.6642,3.67,1.0,44294866,https://ml.sandbox.cf3.us/cgi-bin/index.cgi?download=1249120_44294866_52604131.wav&key=test_key_TISTK,1249120_44294866_52604131.wav,stiffness inability to look right or left except by moving the whole body,Neck pain,43868212,1,0,0,"Neck, back or spinal issues"
1.0,1.0,3.67,1.0,44294866,https://ml.sandbox.cf3.us/cgi-bin/index.cgi?download=1249120_44294866_61858983.wav&key=test_key_TISTK,1249120_44294866_61858983.wav,i got injured exercising,Injury from sports,44340112,1,0,0,Wound and injury
1.0,1.0,3.67,1.0,44294866,https://ml.sandbox.cf3.us/cgi-bin/index.cgi?download=1249120_44294866_63476113.wav&key=test_key_TISTK,1249120_44294866_63476113.wav,i was watching tv and suddenly have blurry vision,Blurry vision,44063565,1,0,0,Sensory issues
1.0,1.0,3.67,1.0,44294866,https://ml.sandbox.cf3.us/cgi-bin/index.cgi?download=1249120_44294866_63987415.wav&key=test_key_TISTK,1249120_44294866_63987415.wav,when i raise my hand i feel pain in my shoulder,Shoulder pain,44063565,1,0,0,Shoulder pain
1.0,0.6733,3.67,1.0,44294866,https://ml.sandbox.cf3.us/cgi-bin/index.cgi?download=1249120_44294866_69316456.wav&key=test_key_TISTK,1249120_44294866_69316456.wav,my hair is falling out after i take a shower,Hair falling out,40632132,1,0,0,Hair and skin issues
1.0,1.0,3.67,1.0,44294866,https://ml.sandbox.cf3.us/cgi-bin/index.cgi?download=1249120_44294866_76461050.wav&key=test_key_TISTK,1249120_44294866_76461050.wav,my neck is annoying me i cant sleep bacause of it,Neck pain,43318517,1,0,0,"Neck, back or spinal issues"
1.0,1.0,3.67,1.0,44294866,https://ml.sandbox.cf3.us/cgi-bin/index.cgi?download=1249120_44294866_77416341.wav&key=test_key_TISTK,1249120_44294866_77416341.wav,the warming system of my house is broken and  feel so cold,Feeling cold,43949040,1,0,0,Feeling cold/hot
1.0,1.0,3.67,0.6765,44294866,https://ml.sandbox.cf3.us/cgi-bin/index.cgi?download=1249120_44294866_78490603.wav&key=test_key_TISTK,1249120_44294866_78490603.wav,my nose is congested all the time and theres this gluey secretion in my throat that makes it impossible for me to sleep i often have to nap sitting down,Hard to breath,44130352,1,0,0,Respiratory issue
1.0,1.0,3.67,1.0,44294866,https://ml.sandbox.cf3.us/cgi-bin/index.cgi?download=1249120_44294866_86233279.wav&key=test_key_TISTK,1249120_44294866_86233279.wav,i have a blurry vision and i cant see in the darkness  what is the reason doctor ,Blurry vision,44150058,1,0,0,Sensory issues
1.0,1.0,3.67,1.0,44294866,https://ml.sandbox.cf3.us/cgi-bin/index.cgi?download=1249120_44294866_90790242.wav&key=test_key_TISTK,1249120_44294866_90790242.wav,itch at front and center of scalp,Hair falling out,43868212,1,0,0,Hair and skin issues
1.0,1.0,3.67,1.0,44294866,https://ml.sandbox.cf3.us/cgi-bin/index.cgi?download=1249120_44294866_94282612.wav&key=test_key_TISTK,1249120_44294866_94282612.wav,i have terrible pain in my heart,Heart hurts,43730599,1,0,0,Chest pain
1.0,1.0,3.67,1.0,44294866,https://ml.sandbox.cf3.us/cgi-bin/index.cgi?download=1249120_44294866_94374240.wav&key=test_key_TISTK,1249120_44294866_94374240.wav,i feel something hurt me in taking breath and i cant take my breath,Hard to breath,43318517,1,0,0,Respiratory issue
1.0,0.6712,3.67,1.0,44323331,https://ml.sandbox.cf3.us/cgi-bin/index.cgi?download=1249120_44323331_28822792.wav&key=test_key_TISTK,1249120_44323331_28822792.wav,all of a sudden i felt dizzy when i stood up,Feeling dizzy,38202325,1,0,0,Dizziness and vertigo
1.0,0.653,3.67,1.0,44323331,https://ml.sandbox.cf3.us/cgi-bin/index.cgi?download=1249120_44323331_35285585.wav&key=test_key_TISTK,1249120_44323331_35285585.wav,i feel a great amount of pressure of my head,Head ache,43318517,1,0,0,Headache
1.0,0.649,3.67,0.649,44323331,https://ml.sandbox.cf3.us/cgi-bin/index.cgi?download=1249120_44323331_47564425.wav&key=test_key_TISTK,1249120_44323331_47564425.wav,surgical wounds red firing pus painful and hot to the touch,Infected wound,44096379,1,0,0,Wound and injury
1.0,0.6588,3.67,1.0,44323331,https://ml.sandbox.cf3.us/cgi-bin/index.cgi?download=1249120_44323331_63258394.wav&key=test_key_TISTK,1249120_44323331_63258394.wav,i have dark spots on my skin,Skin issue,44150058,1,0,0,Hair and skin issues
1.0,0.6533,3.67,1.0,44323331,https://ml.sandbox.cf3.us/cgi-bin/index.cgi?download=1249120_44323331_81285987.wav&key=test_key_TISTK,1249120_44323331_81285987.wav,i feel strong pain in my knee after it was hit during the football match,Injury from sports,40632132,1,0,0,Wound and injury
1.0,0.6622,3.67,1.0,44323331,https://ml.sandbox.cf3.us/cgi-bin/index.cgi?download=1249120_44323331_86516132.wav&key=test_key_TISTK,1249120_44323331_86516132.wav,there is an injured person,Infected wound,43730599,1,0,0,Wound and injury
1.0,1.0,3.67,1.0,44442354,https://ml.sandbox.cf3.us/cgi-bin/index.cgi?download=1249120_44442354_57228239.wav&key=test_key_TISTK,1249120_44442354_57228239.wav,my skin is itching,Skin issue,34987462,1,0,0,Hair and skin issues
1.0,0.653,4.0,1.0,44246595,https://ml.sandbox.cf3.us/cgi-bin/index.cgi?download=1249120_44246595_89466082.wav&key=test_key_TISTK,1249120_44246595_89466082.wav,i often get a stomach ache after i eat  i havent been able to pinpoint which foods might be the trigger,Stomach ache,19638651,1,0,0,Digestive issues
1.0,1.0,4.0,1.0,44259428,https://ml.sandbox.cf3.us/cgi-bin/index.cgi?download=1249120_44259428_107932197.wav&key=test_key_TISTK,1249120_44259428_107932197.wav,i cant rotate my neck,Neck pain,44124309,1,0,0,"Neck, back or spinal issues"
1.0,1.0,4.0,1.0,44259428,https://ml.sandbox.cf3.us/cgi-bin/index.cgi?download=1249120_44259428_108575544.wav&key=test_key_TISTK,1249120_44259428_108575544.wav,my neck feels stiff,Neck pain,42082009,1,0,0,"Neck, back or spinal issues"
0.6601,0.6797,4.0,1.0,44259428,https://ml.sandbox.cf3.us/cgi-bin/index.cgi?download=1249120_44259428_36852781.wav&key=test_key_TISTK,1249120_44259428_36852781.wav,i got a divorce last year and i just cant stop dwelling on how to get revenge on my ex husband,Emotional pain,19638651,1,0,0,Emotional and mental health
1.0,1.0,4.0,1.0,44259428,https://ml.sandbox.cf3.us/cgi-bin/index.cgi?download=1249120_44259428_50949983.wav&key=test_key_TISTK,1249120_44259428_50949983.wav,i have an internal pain i cannot describe,Internal pain,21665495,1,0,0,Internal pain
1.0,1.0,4.0,1.0,44259428,https://ml.sandbox.cf3.us/cgi-bin/index.cgi?download=1249120_44259428_52926868.wav&key=test_key_TISTK,1249120_44259428_52926868.wav,heavy breath with fatigue,Emotional pain,43868212,1,0,0,Emotional and mental health
1.0,0.6867,4.0,1.0,44259428,https://ml.sandbox.cf3.us/cgi-bin/index.cgi?download=1249120_44259428_53848525.wav&key=test_key_TISTK,1249120_44259428_53848525.wav,i cant move my head up and down,Neck pain,40925305,1,0,0,"Neck, back or spinal issues"
1.0,1.0,4.0,1.0,44259428,https://ml.sandbox.cf3.us/cgi-bin/index.cgi?download=1249120_44259428_56194683.wav&key=test_key_TISTK,1249120_44259428_56194683.wav,i have a dry throat,Cough,43913997,1,0,0,Respiratory issue
1.0,1.0,4.0,1.0,44259428,https://ml.sandbox.cf3.us/cgi-bin/index.cgi?download=1249120_44259428_72865674.wav&key=test_key_TISTK,1249120_44259428_72865674.wav,my arm hurts when i stretch,Muscle pain,42082009,1,0,0,Muscle and joint pain
1.0,0.6622,4.0,1.0,44259428,https://ml.sandbox.cf3.us/cgi-bin/index.cgi?download=1249120_44259428_84387587.wav&key=test_key_TISTK,1249120_44259428_84387587.wav,my neck hurts me and i cant look down or up,Neck pain,44150058,1,0,0,"Neck, back or spinal issues"
1.0,1.0,4.0,1.0,44259428,https://ml.sandbox.cf3.us/cgi-bin/index.cgi?download=1249120_44259428_89970708.wav&key=test_key_TISTK,1249120_44259428_89970708.wav,i have a sharp pain in my neck,Neck pain,44118742,1,0,0,"Neck, back or spinal issues"
1.0,0.6712,4.0,1.0,44263136,https://ml.sandbox.cf3.us/cgi-bin/index.cgi?download=1249120_44263136_106766278.wav&key=test_key_TISTK,1249120_44263136_106766278.wav,i feel like l fell in hot water,Skin issue,44118742,1,0,0,Hair and skin issues
1.0,1.0,4.0,1.0,44263136,https://ml.sandbox.cf3.us/cgi-bin/index.cgi?download=1249120_44263136_108585886.wav&key=test_key_TISTK,1249120_44263136_108585886.wav,ive always been very active but now i just dont have the strength or energy to go for even a short walk,Body feels weak,19638651,1,0,0,General weakness
1.0,0.658,4.0,1.0,44263136,https://ml.sandbox.cf3.us/cgi-bin/index.cgi?download=1249120_44263136_10880734.wav&key=test_key_TISTK,1249120_44263136_10880734.wav,i had internal pain and gases when i ate indian spicy food yesterday,Internal pain,43949040,1,0,0,Internal pain
0.6577,1.0,4.0,1.0,44263136,https://ml.sandbox.cf3.us/cgi-bin/index.cgi?download=1249120_44263136_31123906.wav&key=test_key_TISTK,1249120_44263136_31123906.wav,i get big patches of irritated pimples on my back and they hurt,Acne,43755034,1,0,0,Hair and skin issues
0.6521,1.0,4.0,1.0,44263136,https://ml.sandbox.cf3.us/cgi-bin/index.cgi?download=1249120_44263136_36341086.wav&key=test_key_TISTK,1249120_44263136_36341086.wav,i feel cold when the night comes,Feeling cold,21665495,1,0,0,Feeling cold/hot
1.0,1.0,4.0,1.0,44263136,https://ml.sandbox.cf3.us/cgi-bin/index.cgi?download=1249120_44263136_50406387.wav&key=test_key_TISTK,1249120_44263136_50406387.wav,i feel pain in the knee when walking,Knee pain,41918114,1,0,0,Leg and foot pain
1.0,0.6486,4.0,1.0,44263136,https://ml.sandbox.cf3.us/cgi-bin/index.cgi?download=1249120_44263136_58938609.wav&key=test_key_TISTK,1249120_44263136_58938609.wav,when i drink a lot i get a headache,Head ache,21665495,1,0,0,Headache
1.0,1.0,4.0,1.0,44263136,https://ml.sandbox.cf3.us/cgi-bin/index.cgi?download=1249120_44263136_63958069.wav&key=test_key_TISTK,1249120_44263136_63958069.wav,i feel a pain in my back,Back pain,44045955,1,0,0,"Neck, back or spinal issues"
1.0,1.0,4.0,1.0,44263136,https://ml.sandbox.cf3.us/cgi-bin/index.cgi?download=1249120_44263136_70702677.wav&key=test_key_TISTK,1249120_44263136_70702677.wav,i feel a great pain in my shoulder joint and it does not go away,Joint pain,44066678,1,0,0,Muscle and joint pain
1.0,0.6526,4.0,1.0,44263136,https://ml.sandbox.cf3.us/cgi-bin/index.cgi?download=1249120_44263136_82626452.wav&key=test_key_TISTK,1249120_44263136_82626452.wav,i have a problem in my middle ear made by infection,Ear ache,44066678,1,0,0,Sensory issues
1.0,1.0,4.0,1.0,44263136,https://ml.sandbox.cf3.us/cgi-bin/index.cgi?download=1249120_44263136_89689013.wav&key=test_key_TISTK,1249120_44263136_89689013.wav,i cant walk my knee hurts me,Knee pain,44124309,1,0,0,Leg and foot pain
1.0,0.6779,4.0,1.0,44273314,https://ml.sandbox.cf3.us/cgi-bin/index.cgi?download=1249120_44273314_21942140.wav&key=test_key_TISTK,1249120_44273314_21942140.wav,when i drink a lot i get a headache,Head ache,21665495,1,0,0,Headache
1.0,0.6597,4.0,1.0,44273314,https://ml.sandbox.cf3.us/cgi-bin/index.cgi?download=1249120_44273314_26783687.wav&key=test_key_TISTK,1249120_44273314_26783687.wav,my knee catches and hurts when i first stand up after sitting,Knee pain,43755034,1,0,0,Leg and foot pain
1.0,0.6575,4.0,1.0,44273314,https://ml.sandbox.cf3.us/cgi-bin/index.cgi?download=1249120_44273314_31545094.wav&key=test_key_TISTK,1249120_44273314_31545094.wav,the joints in my fingers are painful in the morning,Joint pain,44140394,1,0,0,Muscle and joint pain
1.0,0.6651,4.0,1.0,44273314,https://ml.sandbox.cf3.us/cgi-bin/index.cgi?download=1249120_44273314_40698632.wav&key=test_key_TISTK,1249120_44273314_40698632.wav,i feel a great amount of pressure on the sides of my neck,Shoulder pain,43767396,1,0,0,Shoulder pain
1.0,0.6494,4.0,1.0,44273314,https://ml.sandbox.cf3.us/cgi-bin/index.cgi?download=1249120_44273314_45479897.wav&key=test_key_TISTK,1249120_44273314_45479897.wav,i feel hurts in my heart,Heart hurts,44045955,1,0,0,Chest pain
1.0,0.6392,4.0,1.0,44273314,https://ml.sandbox.cf3.us/cgi-bin/index.cgi?download=1249120_44273314_47534753.wav&key=test_key_TISTK,1249120_44273314_47534753.wav,i cut my foot at the pool and it breaks open every day when i walk on it,Open wound,43755034,1,0,0,Wound and injury
1.0,0.6667,4.0,1.0,44273314,https://ml.sandbox.cf3.us/cgi-bin/index.cgi?download=1249120_44273314_54417923.wav&key=test_key_TISTK,1249120_44273314_54417923.wav,im very worried that ill go bald soon am i very sick,Hair falling out,40925305,1,0,0,Hair and skin issues
1.0,0.6623,4.0,1.0,44273314,https://ml.sandbox.cf3.us/cgi-bin/index.cgi?download=1249120_44273314_57161236.wav&key=test_key_TISTK,1249120_44273314_57161236.wav,i cant walk well i have an ache in my foot,Foot ache,44045955,1,0,0,Leg and foot pain
1.0,0.6667,4.0,1.0,44273314,https://ml.sandbox.cf3.us/cgi-bin/index.cgi?download=1249120_44273314_59068162.wav&key=test_key_TISTK,1249120_44273314_59068162.wav,i have pain like needles in my joints,Joint pain,44063565,1,0,0,Muscle and joint pain
1.0,0.6643,4.0,1.0,44273314,https://ml.sandbox.cf3.us/cgi-bin/index.cgi?download=1249120_44273314_76615195.wav&key=test_key_TISTK,1249120_44273314_76615195.wav,my shoulder aches when i try to lift five pounds,Shoulder pain,38202325,1,0,0,Shoulder pain
1.0,0.7081,4.0,1.0,44273314,https://ml.sandbox.cf3.us/cgi-bin/index.cgi?download=1249120_44273314_96091387.wav&key=test_key_TISTK,1249120_44273314_96091387.wav,i feel that is great pain in my left shoulder,Shoulder pain,43793610,1,0,0,Shoulder pain
1.0,1.0,4.0,1.0,44294866,https://ml.sandbox.cf3.us/cgi-bin/index.cgi?download=1249120_44294866_102664880.wav&key=test_key_TISTK,1249120_44294866_102664880.wav,i often get a sharp pain in my chest and i cant tell what im doing that might be triggering it,Heart hurts,19638651,1,0,0,Chest pain
1.0,1.0,4.0,1.0,44294866,https://ml.sandbox.cf3.us/cgi-bin/index.cgi?download=1249120_44294866_107429604.wav&key=test_key_TISTK,1249120_44294866_107429604.wav,every time i comb my hair there are so many hair in my comb,Hair falling out,34987462,1,0,0,Hair and skin issues
1.0,0.6918,4.0,1.0,44294866,https://ml.sandbox.cf3.us/cgi-bin/index.cgi?download=1249120_44294866_80026823.wav&key=test_key_TISTK,1249120_44294866_80026823.wav,i felt my heart hurts when i ran for along distance,Heart hurts,43949040,1,0,0,Chest pain
1.0,0.6513,4.0,1.0,44323331,https://ml.sandbox.cf3.us/cgi-bin/index.cgi?download=1249120_44323331_12481133.wav&key=test_key_TISTK,1249120_44323331_12481133.wav,i cut my hand a couple of weeks ago and even though i keep using an antibiotic cream its not getting better,Infected wound,19638651,1,0,0,Wound and injury
1.0,0.6866,4.0,1.0,44323331,https://ml.sandbox.cf3.us/cgi-bin/index.cgi?download=1249120_44323331_18782425.wav&key=test_key_TISTK,1249120_44323331_18782425.wav,my son got a tattoo several weeks ago and the skin around it is raised and hot and it looks infected,Infected wound,43755034,1,0,0,Wound and injury
1.0,1.0,4.0,1.0,44387284,https://ml.sandbox.cf3.us/cgi-bin/index.cgi?download=1249120_44387284_64093494.wav&key=test_key_TISTK,1249120_44387284_64093494.wav,i was injured during football match i was diagnosed with cruciate ligament,Injury from sports,44063565,1,0,0,Wound and injury
1.0,1.0,4.33,1.0,44263136,https://ml.sandbox.cf3.us/cgi-bin/index.cgi?download=1249120_44263136_95817458.wav&key=test_key_TISTK,1249120_44263136_95817458.wav,i cant walk well i have an ache in my foot,Foot ache,44045955,1,0,0,Leg and foot pain
1.0,1.0,4.33,1.0,44273314,https://ml.sandbox.cf3.us/cgi-bin/index.cgi?download=1249120_44273314_67775131.wav&key=test_key_TISTK,1249120_44273314_67775131.wav,my back hurts a lot when i bend,Back pain,41918114,1,0,0,"Neck, back or spinal issues"
1.0,1.0,4.0,0.6889,44323331,https://ml.sandbox.cf3.us/cgi-bin/index.cgi?download=1249120_44323331_51610812.wav&key=test_key_TISTK,1249120_44323331_51610812.wav,pain in the large neck,Neck pain,43730599,1,1,1,"Neck, back or spinal issues"
1.0,0.6667,3.0,1.0,44273314,https://ml.sandbox.cf3.us/cgi-bin/index.cgi?download=1249120_44273314_69418683.wav&key=test_key_TISTK,1249120_44273314_69418683.wav,i feel like ive always got something in my throat,Cough,44164300,1,1,0,Respiratory issue
1.0,0.6672,3.0,1.0,44323331,https://ml.sandbox.cf3.us/cgi-bin/index.cgi?download=1249120_44323331_15655234.wav&key=test_key_TISTK,1249120_44323331_15655234.wav,when i remember her i feel down,Emotional pain,21665495,1,1,0,Emotional and mental health
1.0,0.6759,3.0,0.6483,44323331,https://ml.sandbox.cf3.us/cgi-bin/index.cgi?download=1249120_44323331_23843315.wav&key=test_key_TISTK,1249120_44323331_23843315.wav,my son nicked his neck with an old razor and that spot has become inflamed and looks like it is infected,Infected wound,43755034,1,1,0,Wound and injury
1.0,0.6803,3.0,1.0,44323331,https://ml.sandbox.cf3.us/cgi-bin/index.cgi?download=1249120_44323331_24461872.wav&key=test_key_TISTK,1249120_44323331_24461872.wav,i cant stop coughing,Cough,34987462,1,1,0,Respiratory issue
1.0,0.6845,3.0,0.6845,44323331,https://ml.sandbox.cf3.us/cgi-bin/index.cgi?download=1249120_44323331_26408664.wav&key=test_key_TISTK,1249120_44323331_26408664.wav,the wound is still open,Open wound,43730599,1,1,0,Wound and injury
1.0,0.6884,3.0,1.0,44323331,https://ml.sandbox.cf3.us/cgi-bin/index.cgi?download=1249120_44323331_45513911.wav&key=test_key_TISTK,1249120_44323331_45513911.wav,i stopped sports because i get injury from sports,Injury from sports,44045955,1,1,0,Wound and injury
1.0,0.6732,3.0,1.0,44323331,https://ml.sandbox.cf3.us/cgi-bin/index.cgi?download=1249120_44323331_54400222.wav&key=test_key_TISTK,1249120_44323331_54400222.wav,standing less than five minutes and my back start to ache,Back pain,44088126,1,1,0,"Neck, back or spinal issues"
0.6821,0.6689,3.0,0.649,44323331,https://ml.sandbox.cf3.us/cgi-bin/index.cgi?download=1249120_44323331_66888889.wav&key=test_key_TISTK,1249120_44323331_66888889.wav,my joints ache whenever it is cold,Joint pain,44164300,1,1,0,Muscle and joint pain
1.0,1.0,3.0,1.0,44323331,https://ml.sandbox.cf3.us/cgi-bin/index.cgi?download=1249120_44323331_70756728.wav&key=test_key_TISTK,1249120_44323331_70756728.wav,it started as a tinnitus but today the pain is throbbing and unbearable,Ear ache,44130352,1,1,0,Sensory issues
1.0,0.6706,3.0,1.0,44323331,https://ml.sandbox.cf3.us/cgi-bin/index.cgi?download=1249120_44323331_72563945.wav&key=test_key_TISTK,1249120_44323331_72563945.wav,i feel deep tingling when i touch acne followed by bad sensation,Acne,43868212,1,1,0,Hair and skin issues
1.0,0.6966,3.0,0.6966,44323331,https://ml.sandbox.cf3.us/cgi-bin/index.cgi?download=1249120_44323331_79182023.wav&key=test_key_TISTK,1249120_44323331_79182023.wav,every time i take a deep breath i start coughing,Cough,42082009,1,1,0,Respiratory issue
1.0,1.0,3.33,1.0,44246595,https://ml.sandbox.cf3.us/cgi-bin/index.cgi?download=1249120_44246595_85567147.wav&key=test_key_TISTK,1249120_44246595_85567147.wav,when i get up i see my skin vague,Skin issue,44118742,1,1,0,Hair and skin issues
1.0,0.658,3.33,1.0,44273314,https://ml.sandbox.cf3.us/cgi-bin/index.cgi?download=1249120_44273314_21492329.wav&key=test_key_TISTK,1249120_44273314_21492329.wav,i have a pain in my muscle,Muscle pain,44045955,1,1,0,Muscle and joint pain
1.0,1.0,3.33,1.0,44273314,https://ml.sandbox.cf3.us/cgi-bin/index.cgi?download=1249120_44273314_31089974.wav&key=test_key_TISTK,1249120_44273314_31089974.wav,i feel cold when the night comes,Feeling cold,21665495,1,1,0,Feeling cold/hot
1.0,0.6446,3.33,1.0,44273314,https://ml.sandbox.cf3.us/cgi-bin/index.cgi?download=1249120_44273314_45748543.wav&key=test_key_TISTK,1249120_44273314_45748543.wav,my joints feel swollen,Joint pain,44164300,1,1,0,Muscle and joint pain
1.0,0.648,3.33,1.0,44273314,https://ml.sandbox.cf3.us/cgi-bin/index.cgi?download=1249120_44273314_69108455.wav&key=test_key_TISTK,1249120_44273314_69108455.wav,have severe cold and cough,Cough,43985758,1,1,0,Respiratory issue
1.0,0.6699,3.33,1.0,44273314,https://ml.sandbox.cf3.us/cgi-bin/index.cgi?download=1249120_44273314_87229465.wav&key=test_key_TISTK,1249120_44273314_87229465.wav,i feel a sharp pain in the stomach after eating,Stomach ache,41918114,1,1,0,Digestive issues
1.0,1.0,3.33,1.0,44292353,https://ml.sandbox.cf3.us/cgi-bin/index.cgi?download=1249120_44292353_31900996.wav&key=test_key_TISTK,1249120_44292353_31900996.wav,i have a mental suffering,Emotional pain,43318517,1,1,0,Emotional and mental health
1.0,1.0,3.33,1.0,44292353,https://ml.sandbox.cf3.us/cgi-bin/index.cgi?download=1249120_44292353_38765156.wav&key=test_key_TISTK,1249120_44292353_38765156.wav,i started taking swimming lessons and i guess i swallowed too much water through my nose because this sinusitis is killing me now,Injury from sports,44130352,1,1,0,Wound and injury
1.0,1.0,3.33,1.0,44292353,https://ml.sandbox.cf3.us/cgi-bin/index.cgi?download=1249120_44292353_47569087.wav&key=test_key_TISTK,1249120_44292353_47569087.wav,i feel like i went to an acupunctures practice and had  needles in my shoulder,Shoulder pain,44164300,1,1,0,Shoulder pain
1.0,0.6694,3.33,1.0,44292353,https://ml.sandbox.cf3.us/cgi-bin/index.cgi?download=1249120_44292353_53318642.wav&key=test_key_TISTK,1249120_44292353_53318642.wav,my shower drain is full of hair every time,Hair falling out,40925305,1,1,0,Hair and skin issues
1.0,1.0,3.33,1.0,44292353,https://ml.sandbox.cf3.us/cgi-bin/index.cgi?download=1249120_44292353_69566092.wav&key=test_key_TISTK,1249120_44292353_69566092.wav,i love to garden but i get a terrible twinge in my lower back when i lean over,Back pain,19638651,1,1,0,"Neck, back or spinal issues"
1.0,1.0,3.33,1.0,44292353,https://ml.sandbox.cf3.us/cgi-bin/index.cgi?download=1249120_44292353_71029438.wav&key=test_key_TISTK,1249120_44292353_71029438.wav,my neck is annoying me i cant sleep bacause of it,Neck pain,43318517,1,1,0,"Neck, back or spinal issues"
0.6623,1.0,3.33,0.6623,44323331,https://ml.sandbox.cf3.us/cgi-bin/index.cgi?download=1249120_44323331_16590901.wav&key=test_key_TISTK,1249120_44323331_16590901.wav,i feel severe itching in the skin with redness,Skin issue,41918114,1,1,0,Hair and skin issues
1.0,0.6644,3.33,0.651,44323331,https://ml.sandbox.cf3.us/cgi-bin/index.cgi?download=1249120_44323331_22225771.wav&key=test_key_TISTK,1249120_44323331_22225771.wav,i have a sharp pain in my ear,Ear ache,42082009,1,1,0,Sensory issues
1.0,1.0,3.33,1.0,44323331,https://ml.sandbox.cf3.us/cgi-bin/index.cgi?download=1249120_44323331_25968681.wav&key=test_key_TISTK,1249120_44323331_25968681.wav,i have severe shoulder pain,Shoulder pain,43730599,1,1,0,Shoulder pain
1.0,0.6789,3.33,0.6592,44323331,https://ml.sandbox.cf3.us/cgi-bin/index.cgi?download=1249120_44323331_26313266.wav&key=test_key_TISTK,1249120_44323331_26313266.wav,i am worried how cold intolerant i am i am always shivering even out in the sun,Feeling cold,44130352,1,1,0,Feeling cold/hot
1.0,1.0,3.33,1.0,44323331,https://ml.sandbox.cf3.us/cgi-bin/index.cgi?download=1249120_44323331_33624071.wav&key=test_key_TISTK,1249120_44323331_33624071.wav,my body feels weak after my first day in the gym why,Body feels weak,40632132,1,1,0,General weakness
0.6559,1.0,3.33,0.6694,44323331,https://ml.sandbox.cf3.us/cgi-bin/index.cgi?download=1249120_44323331_38538892.wav&key=test_key_TISTK,1249120_44323331_38538892.wav,i had a sharp pain in my stomach,Stomach ache,44118742,1,1,0,Digestive issues
0.669,0.6469,3.33,1.0,44323331,https://ml.sandbox.cf3.us/cgi-bin/index.cgi?download=1249120_44323331_59510879.wav&key=test_key_TISTK,1249120_44323331_59510879.wav,sharp pain and heavy breathing,Internal pain,43868212,1,1,0,Internal pain
1.0,0.6901,3.33,1.0,44323331,https://ml.sandbox.cf3.us/cgi-bin/index.cgi?download=1249120_44323331_63059317.wav&key=test_key_TISTK,1249120_44323331_63059317.wav,my back hurts me a lot,Back pain,44124309,1,1,0,"Neck, back or spinal issues"
1.0,0.6885,3.33,1.0,44323331,https://ml.sandbox.cf3.us/cgi-bin/index.cgi?download=1249120_44323331_82659146.wav&key=test_key_TISTK,1249120_44323331_82659146.wav,when i walk its hard to breath,Hard to breath,44140394,1,1,0,Respiratory issue
1.0,1.0,3.67,1.0,44246595,https://ml.sandbox.cf3.us/cgi-bin/index.cgi?download=1249120_44246595_105657955.wav&key=test_key_TISTK,1249120_44246595_105657955.wav,i have a feeling like my whole body is complaining,Joint pain,44118742,1,1,0,Muscle and joint pain
1.0,0.6984,3.67,1.0,44246595,https://ml.sandbox.cf3.us/cgi-bin/index.cgi?download=1249120_44246595_107248522.wav&key=test_key_TISTK,1249120_44246595_107248522.wav,i noticed an important decrease in my vision when i try to look at things up close,Blurry vision,44130352,1,1,0,Sensory issues
1.0,1.0,3.67,1.0,44246595,https://ml.sandbox.cf3.us/cgi-bin/index.cgi?download=1249120_44246595_76562955.wav&key=test_key_TISTK,1249120_44246595_76562955.wav,when i go to stand my head starts swirling,Feeling dizzy,44164300,1,1,0,Dizziness and vertigo
1.0,0.6652,3.67,1.0,44246595,https://ml.sandbox.cf3.us/cgi-bin/index.cgi?download=1249120_44246595_77258445.wav&key=test_key_TISTK,1249120_44246595_77258445.wav,i was playing soccer and i twisted my ankle,Injury from sports,42082009,1,1,0,Wound and injury
1.0,1.0,3.67,1.0,44246595,https://ml.sandbox.cf3.us/cgi-bin/index.cgi?download=1249120_44246595_89098147.wav&key=test_key_TISTK,1249120_44246595_89098147.wav,i dont know why im constantly sad,Emotional pain,44292353,1,1,0,Emotional and mental health
1.0,1.0,3.67,1.0,44246595,https://ml.sandbox.cf3.us/cgi-bin/index.cgi?download=1249120_44246595_92462780.wav&key=test_key_TISTK,1249120_44246595_92462780.wav,he was discovered to have an open wound,Open wound,44246595,1,1,0,Wound and injury
1.0,1.0,3.67,1.0,44246595,https://ml.sandbox.cf3.us/cgi-bin/index.cgi?download=1249120_44246595_94621639.wav&key=test_key_TISTK,1249120_44246595_94621639.wav,i feel pain inside i do not know what it is,Internal pain,43730599,1,1,0,Internal pain
1.0,0.6621,3.67,1.0,44246595,https://ml.sandbox.cf3.us/cgi-bin/index.cgi?download=1249120_44246595_95208403.wav&key=test_key_TISTK,1249120_44246595_95208403.wav,i cant stand with this horrible feeling in my stomach,Stomach ache,44118742,1,1,0,Digestive issues
1.0,1.0,3.67,1.0,44246595,https://ml.sandbox.cf3.us/cgi-bin/index.cgi?download=1249120_44246595_95437414.wav&key=test_key_TISTK,1249120_44246595_95437414.wav,i feel shoulder pain at intervals of time,Shoulder pain,43772689,1,1,0,Shoulder pain
1.0,1.0,3.67,1.0,44246595,https://ml.sandbox.cf3.us/cgi-bin/index.cgi?download=1249120_44246595_95549576.wav&key=test_key_TISTK,1249120_44246595_95549576.wav,i have issue with my skin,Skin issue,44266645,1,1,0,Hair and skin issues
1.0,1.0,3.67,1.0,44246595,https://ml.sandbox.cf3.us/cgi-bin/index.cgi?download=1249120_44246595_99457284.wav&key=test_key_TISTK,1249120_44246595_99457284.wav,when i eat i feel my stomach hurts,Stomach ache,44118742,1,1,0,Digestive issues
1.0,0.69,3.67,1.0,44259428,https://ml.sandbox.cf3.us/cgi-bin/index.cgi?download=1249120_44259428_90522474.wav&key=test_key_TISTK,1249120_44259428_90522474.wav,chronic bone disease at the level of the doubles of the lower estremidades,Knee pain,44218005,1,1,0,Leg and foot pain
1.0,0.6639,3.67,1.0,44259428,https://ml.sandbox.cf3.us/cgi-bin/index.cgi?download=1249120_44259428_91754229.wav&key=test_key_TISTK,1249120_44259428_91754229.wav,oh my heart hurts me i tried to be calm and i cant,Heart hurts,43318517,1,1,0,Chest pain
1.0,0.6635,3.67,1.0,44259428,https://ml.sandbox.cf3.us/cgi-bin/index.cgi?download=1249120_44259428_97884452.wav&key=test_key_TISTK,1249120_44259428_97884452.wav,i am feeling so dizzy body is so fragile,Body feels weak,43930147,1,1,0,General weakness
1.0,1.0,3.67,1.0,44273314,https://ml.sandbox.cf3.us/cgi-bin/index.cgi?download=1249120_44273314_107500628.wav&key=test_key_TISTK,1249120_44273314_107500628.wav,i cant walk my knee hurts me,Knee pain,44124309,1,1,0,Leg and foot pain
1.0,0.6846,3.67,1.0,44273314,https://ml.sandbox.cf3.us/cgi-bin/index.cgi?download=1249120_44273314_109807607.wav&key=test_key_TISTK,1249120_44273314_109807607.wav,i feel like i can hardly breathe unless i get whats in my lungs out,Cough,44164300,1,1,0,Respiratory issue
1.0,0.6841,3.67,1.0,44273314,https://ml.sandbox.cf3.us/cgi-bin/index.cgi?download=1249120_44273314_13390025.wav&key=test_key_TISTK,1249120_44273314_13390025.wav,i feel pain inside and i can not identify it,Internal pain,41918114,1,1,0,Internal pain
1.0,1.0,3.67,1.0,44273314,https://ml.sandbox.cf3.us/cgi-bin/index.cgi?download=1249120_44273314_17246181.wav&key=test_key_TISTK,1249120_44273314_17246181.wav,my throught is so sore,Neck pain,34987462,1,1,0,"Neck, back or spinal issues"
1.0,1.0,3.67,1.0,44273314,https://ml.sandbox.cf3.us/cgi-bin/index.cgi?download=1249120_44273314_32293213.wav&key=test_key_TISTK,1249120_44273314_32293213.wav,i feel like something is squeezing my lungs,Hard to breath,34987462,1,1,0,Respiratory issue
1.0,0.6531,3.67,1.0,44273314,https://ml.sandbox.cf3.us/cgi-bin/index.cgi?download=1249120_44273314_38687390.wav&key=test_key_TISTK,1249120_44273314_38687390.wav,when im too high i start to feel dizzy,Feeling dizzy,38687371,1,1,0,Dizziness and vertigo
1.0,0.6667,3.67,1.0,44273314,https://ml.sandbox.cf3.us/cgi-bin/index.cgi?download=1249120_44273314_56365443.wav&key=test_key_TISTK,1249120_44273314_56365443.wav,i have a rash on my skin,Skin issue,44340112,1,1,0,Hair and skin issues
1.0,0.6917,3.67,1.0,44273314,https://ml.sandbox.cf3.us/cgi-bin/index.cgi?download=1249120_44273314_77840631.wav&key=test_key_TISTK,1249120_44273314_77840631.wav,i wish this excruciating feeling of loss could go away,Emotional pain,44130352,1,1,0,Emotional and mental health
0.6638,0.6626,3.67,0.6638,44273314,https://ml.sandbox.cf3.us/cgi-bin/index.cgi?download=1249120_44273314_84611968.wav&key=test_key_TISTK,1249120_44273314_84611968.wav,my neck has been sore since the accident,Neck pain,44140394,1,1,0,"Neck, back or spinal issues"
1.0,1.0,3.67,1.0,44273314,https://ml.sandbox.cf3.us/cgi-bin/index.cgi?download=1249120_44273314_95639193.wav&key=test_key_TISTK,1249120_44273314_95639193.wav,i hit the ground when trying to shoot a basketball,Injury from sports,43930147,1,1,0,Wound and injury
0.6533,0.3467,3.67,1.0,44273314,https://ml.sandbox.cf3.us/cgi-bin/index.cgi?download=1249120_44273314_97771287.wav&key=test_key_TISTK,1249120_44273314_97771287.wav,my foot had been aching since last tuesday,Foot ache,44140394,1,1,0,Leg and foot pain
1.0,0.6649,3.67,1.0,44273314,https://ml.sandbox.cf3.us/cgi-bin/index.cgi?download=1249120_44273314_98448714.wav&key=test_key_TISTK,1249120_44273314_98448714.wav,i feel sad like hurt or pain,Emotional pain,44045955,1,1,0,Emotional and mental health
1.0,1.0,3.67,1.0,44292353,https://ml.sandbox.cf3.us/cgi-bin/index.cgi?download=1249120_44292353_18156280.wav&key=test_key_TISTK,1249120_44292353_18156280.wav,i am having running nose,Feeling cold,44088126,1,1,0,Feeling cold/hot
1.0,0.6923,3.67,1.0,44292353,https://ml.sandbox.cf3.us/cgi-bin/index.cgi?download=1249120_44292353_62335378.wav&key=test_key_TISTK,1249120_44292353_62335378.wav,i have eruptions on my face that come and go ,Acne,43755034,1,1,0,Hair and skin issues
1.0,1.0,3.67,1.0,44292353,https://ml.sandbox.cf3.us/cgi-bin/index.cgi?download=1249120_44292353_67132028.wav&key=test_key_TISTK,1249120_44292353_67132028.wav,i feel weak all over,Body feels weak,44140394,1,1,0,General weakness
1.0,1.0,3.67,1.0,44292353,https://ml.sandbox.cf3.us/cgi-bin/index.cgi?download=1249120_44292353_95558066.wav&key=test_key_TISTK,1249120_44292353_95558066.wav,i have a great stomach ache and i cant eat any thing,Stomach ache,44150058,1,1,0,Digestive issues
1.0,1.0,3.67,1.0,44323331,https://ml.sandbox.cf3.us/cgi-bin/index.cgi?download=1249120_44323331_109641805.wav&key=test_key_TISTK,1249120_44323331_109641805.wav,severe pain in the ear,Ear ache,43730599,1,1,0,Sensory issues
1.0,0.6636,3.67,1.0,44323331,https://ml.sandbox.cf3.us/cgi-bin/index.cgi?download=1249120_44323331_13821399.wav&key=test_key_TISTK,1249120_44323331_13821399.wav,there is a sharp pain in my calve,Muscle pain,34987462,1,1,0,Muscle and joint pain
1.0,1.0,3.67,1.0,44323331,https://ml.sandbox.cf3.us/cgi-bin/index.cgi?download=1249120_44323331_20802934.wav&key=test_key_TISTK,1249120_44323331_20802934.wav,i cannot bear this squeezing sensation i have in my chest,Heart hurts,44130352,1,1,0,Chest pain
0.6828,0.3517,3.67,1.0,44323331,https://ml.sandbox.cf3.us/cgi-bin/index.cgi?download=1249120_44323331_30817447.wav&key=test_key_TISTK,1249120_44323331_30817447.wav,red flushes accompanied with itchy,Skin issue,43868212,1,1,0,Hair and skin issues
1.0,1.0,3.67,0.6577,44323331,https://ml.sandbox.cf3.us/cgi-bin/index.cgi?download=1249120_44323331_75046615.wav&key=test_key_TISTK,1249120_44323331_75046615.wav,i have a problem in my back i cannot extend it,Back pain,44066678,1,1,0,"Neck, back or spinal issues"
1.0,0.6725,3.67,1.0,44323331,https://ml.sandbox.cf3.us/cgi-bin/index.cgi?download=1249120_44323331_95281494.wav&key=test_key_TISTK,1249120_44323331_95281494.wav,it hurts when i bent my arm,Joint pain,42082009,1,1,0,Muscle and joint pain
1.0,1.0,4.0,1.0,44246595,https://ml.sandbox.cf3.us/cgi-bin/index.cgi?download=1249120_44246595_101823153.wav&key=test_key_TISTK,1249120_44246595_101823153.wav,i feel pain in my right shoulder after the tennis match,Injury from sports,40632132,1,1,0,Wound and injury
1.0,1.0,4.0,1.0,44246595,https://ml.sandbox.cf3.us/cgi-bin/index.cgi?download=1249120_44246595_108705425.wav&key=test_key_TISTK,1249120_44246595_108705425.wav,i have a foot ache although i dont walk a lot,Foot ache,40632132,1,1,0,Leg and foot pain
1.0,1.0,4.0,1.0,44246595,https://ml.sandbox.cf3.us/cgi-bin/index.cgi?download=1249120_44246595_86895734.wav&key=test_key_TISTK,1249120_44246595_86895734.wav,surgical wound infections,Infected wound,44218005,1,1,0,Wound and injury
1.0,1.0,4.0,1.0,44246595,https://ml.sandbox.cf3.us/cgi-bin/index.cgi?download=1249120_44246595_89680770.wav&key=test_key_TISTK,1249120_44246595_89680770.wav,i dont have the energy to do the things that i used to,Body feels weak,43913997,1,1,0,General weakness
1.0,1.0,4.0,1.0,44246595,https://ml.sandbox.cf3.us/cgi-bin/index.cgi?download=1249120_44246595_92310242.wav&key=test_key_TISTK,1249120_44246595_92310242.wav,i wake up at night feeling cold,Feeling cold,21665495,1,1,0,Feeling cold/hot
1.0,0.6918,4.0,1.0,44259428,https://ml.sandbox.cf3.us/cgi-bin/index.cgi?download=1249120_44259428_19250068.wav&key=test_key_TISTK,1249120_44259428_19250068.wav,im not feeling good i cant take my breath,Hard to breath,44045955,1,1,0,Respiratory issue
1.0,0.6632,4.0,1.0,44259428,https://ml.sandbox.cf3.us/cgi-bin/index.cgi?download=1249120_44259428_75809403.wav&key=test_key_TISTK,1249120_44259428_75809403.wav,i have blurred vision,Blurry vision,44140394,1,1,0,Sensory issues
1.0,0.6838,4.0,1.0,44273314,https://ml.sandbox.cf3.us/cgi-bin/index.cgi?download=1249120_44273314_94623228.wav&key=test_key_TISTK,1249120_44273314_94623228.wav,when i wake up in the morning i feel dizzy,Feeling dizzy,43838565,1,1,0,Dizziness and vertigo
1.0,1.0,4.0,1.0,44292353,https://ml.sandbox.cf3.us/cgi-bin/index.cgi?download=1249120_44292353_25313684.wav&key=test_key_TISTK,1249120_44292353_25313684.wav,sometimes i feel like a claw on my chest that leaves me breathless,Hard to breath,44130352,1,1,0,Respiratory issue
1.0,0.6579,4.0,1.0,44292353,https://ml.sandbox.cf3.us/cgi-bin/index.cgi?download=1249120_44292353_25851801.wav&key=test_key_TISTK,1249120_44292353_25851801.wav,when i stand up too quickly i start to feel dizzy and lightheaded,Feeling dizzy,43838565,1,1,0,Dizziness and vertigo
1.0,1.0,4.0,1.0,44292353,https://ml.sandbox.cf3.us/cgi-bin/index.cgi?download=1249120_44292353_40076348.wav&key=test_key_TISTK,1249120_44292353_40076348.wav,sometimes when it is cold outside my face hurts especially around the pimples that are ready to pop,Acne,44130352,1,1,0,Hair and skin issues
1.0,1.0,4.0,1.0,44292353,https://ml.sandbox.cf3.us/cgi-bin/index.cgi?download=1249120_44292353_53478447.wav&key=test_key_TISTK,1249120_44292353_53478447.wav,i have a painful cramp in my feet,Foot ache,44340112,1,1,0,Leg and foot pain
1.0,1.0,4.0,1.0,44292353,https://ml.sandbox.cf3.us/cgi-bin/index.cgi?download=1249120_44292353_79362392.wav&key=test_key_TISTK,1249120_44292353_79362392.wav,i feel very hard to breathe,Hard to breath,43730599,1,1,0,Respiratory issue
1.0,1.0,4.0,1.0,44292353,https://ml.sandbox.cf3.us/cgi-bin/index.cgi?download=1249120_44292353_83240359.wav&key=test_key_TISTK,1249120_44292353_83240359.wav,i was watching tv and suddenly have blurry vision,Blurry vision,44063565,1,1,0,Sensory issues
1.0,1.0,4.0,1.0,44292353,https://ml.sandbox.cf3.us/cgi-bin/index.cgi?download=1249120_44292353_95216909.wav&key=test_key_TISTK,1249120_44292353_95216909.wav,i got injured exercising,Injury from sports,44340112,1,1,0,Wound and injury
1.0,0.6528,4.0,1.0,44323331,https://ml.sandbox.cf3.us/cgi-bin/index.cgi?download=1249120_44323331_15039513.wav&key=test_key_TISTK,1249120_44323331_15039513.wav,i get i joint pain when i try to bend my leg or my arm,Joint pain,44150058,1,1,0,Muscle and joint pain
1.0,0.6712,4.0,0.6438,44323331,https://ml.sandbox.cf3.us/cgi-bin/index.cgi?download=1249120_44323331_22949427.wav&key=test_key_TISTK,1249120_44323331_22949427.wav,i feel pain in my joint after an injury in the last football match i played,Joint pain,40632132,1,1,0,Muscle and joint pain
1.0,0.675,4.0,1.0,44323331,https://ml.sandbox.cf3.us/cgi-bin/index.cgi?download=1249120_44323331_26386155.wav&key=test_key_TISTK,1249120_44323331_26386155.wav,my head is spinning when i get up,Feeling dizzy,34987462,1,1,0,Dizziness and vertigo
1.0,1.0,4.0,0.6463,44323331,https://ml.sandbox.cf3.us/cgi-bin/index.cgi?download=1249120_44323331_34357709.wav&key=test_key_TISTK,1249120_44323331_34357709.wav,my wound opened up again,Open wound,21665495,1,1,0,Wound and injury
1.0,1.0,4.0,1.0,44323331,https://ml.sandbox.cf3.us/cgi-bin/index.cgi?download=1249120_44323331_77964928.wav&key=test_key_TISTK,1249120_44323331_77964928.wav,i never had any acne problem until my last pregnancy when all of a sudden my back got covered in zits,Acne,44130352,1,1,0,Hair and skin issues
1.0,0.6802,4.0,1.0,44323331,https://ml.sandbox.cf3.us/cgi-bin/index.cgi?download=1249120_44323331_84928769.wav&key=test_key_TISTK,1249120_44323331_84928769.wav,i have pain in my stomach,Stomach ache,44045955,1,1,0,Digestive issues
1.0,0.6547,4.0,1.0,44323331,https://ml.sandbox.cf3.us/cgi-bin/index.cgi?download=1249120_44323331_88012031.wav&key=test_key_TISTK,1249120_44323331_88012031.wav,it hurts when i raise my arm up,Shoulder pain,42082009,1,1,0,Shoulder pain
1.0,1.0,4.33,1.0,44292353,https://ml.sandbox.cf3.us/cgi-bin/index.cgi?download=1249120_44292353_107326859.wav&key=test_key_TISTK,1249120_44292353_107326859.wav,i feel dizzy when i set infront of my laptop for an hour or two what possibly could be the reason,Feeling dizzy,40632132,1,1,0,Dizziness and vertigo
1.0,1.0,4.33,0.637,44292353,https://ml.sandbox.cf3.us/cgi-bin/index.cgi?download=1249120_44292353_23165570.wav&key=test_key_TISTK,1249120_44292353_23165570.wav,i felt my heart hurts when i ran for along distance,Heart hurts,43949040,1,1,0,Chest pain
1.0,0.6733,4.33,1.0,44292353,https://ml.sandbox.cf3.us/cgi-bin/index.cgi?download=1249120_44292353_70288448.wav&key=test_key_TISTK,1249120_44292353_70288448.wav,when i raise my hand i feel pain in my shoulder,Shoulder pain,44063565,1,1,0,Shoulder pain
1.0,1.0,4.67,1.0,44273314,https://ml.sandbox.cf3.us/cgi-bin/index.cgi?download=1249120_44273314_103514863.wav&key=test_key_TISTK,1249120_44273314_103514863.wav,my body feels weak although i take my vitamins regularly,Body feels weak,40632132,1,1,0,General weakness
1.0,0.6552,4.67,1.0,44273314,https://ml.sandbox.cf3.us/cgi-bin/index.cgi?download=1249120_44273314_84076771.wav&key=test_key_TISTK,1249120_44273314_84076771.wav,having difficulty moving my knee,Knee pain,44088126,1,1,0,Leg and foot pain
